id_img,label
10052,happy
10065,sad
10079,angry
10095,angry
10121,fear
10148,sad
10163,angry
10215,sad
1024,neutral
10286,angry
10315,angry
10336,happy
10338,angry
10371,angry
10382,happy
10399,neutral
10415,neutral
10426,angry
10551,sad
10554,angry
10583,neutral
10699,angry
10702,neutral
1071,sad
10743,angry
10746,fear
10818,neutral
10823,neutral
10825,angry
10839,fear
10854,angry
10970,angry
11002,angry
11017,angry
11024,neutral
11028,neutral
1106,angry
11075,sad
11093,angry
11096,sad
11158,neutral
11169,angry
11186,angry
11188,fear
11200,neutral
1124,angry
11266,angry
1127,happy
11337,angry
11342,angry
11400,angry
11421,angry
11467,angry
11561,neutral
11610,angry
11613,angry
11632,sad
11642,neutral
11675,sad
11694,angry
1177,fear
11813,angry
11841,angry
11849,angry
11883,sad
11949,angry
11964,sad
11986,angry
12136,sad
12144,sad
1215,neutral
12171,angry
12183,angry
12230,angry
12237,fear
12307,sad
1235,angry
12352,surprise
12489,sad
12680,angry
12695,sad
12733,fear
12808,angry
12810,angry
12841,disgust
12842,angry
12851,angry
12928,neutral
12945,sad
13029,angry
13041,angry
13057,surprise
13059,angry
13092,neutral
13118,angry
13167,angry
13220,sad
13267,fear
13279,angry
13334,sad
13351,sad
13376,neutral
13395,sad
1340,angry
13431,neutral
1350,happy
13514,angry
13533,angry
13535,angry
1358,sad
13582,fear
13599,fear
13607,angry
13671,angry
13672,angry
13738,angry
13758,neutral
1386,angry
13890,neutral
13978,happy
14022,angry
14030,fear
14058,sad
14108,angry
14118,happy
14120,angry
14148,angry
14185,sad
14206,angry
1422,fear
14243,neutral
14315,angry
14329,angry
14357,angry
14376,angry
1438,neutral
14381,sad
14421,happy
14438,happy
14498,angry
14557,neutral
1460,sad
14706,angry
1477,fear
14775,angry
14821,sad
14831,angry
14870,angry
14945,angry
15074,fear
1508,sad
15138,angry
15172,sad
15190,neutral
15194,angry
15217,sad
15222,angry
15295,sad
15474,fear
15500,sad
15502,sad
1555,neutral
15562,angry
15637,angry
15644,neutral
15654,sad
15699,angry
157,disgust
15709,angry
15712,angry
15715,fear
15725,angry
1575,angry
15771,disgust
1582,sad
15820,sad
15821,sad
15835,angry
1584,sad
15848,angry
15897,sad
15919,angry
15941,happy
15954,sad
15979,sad
16033,neutral
16102,surprise
16169,fear
16222,sad
16233,sad
16287,angry
16292,angry
16380,angry
16406,happy
16410,angry
16413,neutral
16428,sad
16506,fear
16510,fear
16557,neutral
16565,neutral
16643,sad
16659,fear
16681,angry
16711,happy
1672,angry
16764,angry
16768,neutral
16783,neutral
16792,angry
16875,fear
16999,sad
17024,fear
17053,sad
17085,sad
17099,fear
17167,angry
1717,angry
17170,neutral
17186,angry
17209,happy
17211,neutral
17228,sad
17259,angry
17316,angry
17344,angry
1736,sad
17371,angry
17413,sad
17428,fear
17445,sad
17452,neutral
17502,sad
17536,angry
17647,angry
17700,angry
17705,angry
17731,angry
17735,angry
17736,angry
17752,sad
17787,sad
17910,angry
17939,angry
18001,angry
18050,angry
18140,angry
18142,fear
18161,surprise
18166,fear
18183,angry
18200,angry
18247,angry
1825,sad
18254,sad
18284,angry
18376,fear
18380,fear
1841,neutral
18415,sad
18445,angry
18459,fear
18466,angry
18492,sad
18534,angry
18565,neutral
18566,sad
18588,fear
18593,angry
18602,angry
18617,sad
18633,angry
18695,fear
18715,angry
18779,angry
1880,sad
18810,angry
18837,sad
18882,fear
18903,neutral
18949,sad
18983,sad
1899,angry
18994,sad
19014,angry
19060,neutral
19067,sad
1908,fear
19093,sad
19108,angry
19114,neutral
19115,angry
19140,angry
19152,angry
19268,angry
19292,neutral
19309,angry
19392,sad
19476,disgust
19477,sad
19485,sad
1966,angry
19664,neutral
19732,angry
19811,angry
1983,disgust
19832,fear
19877,sad
19906,sad
19923,angry
1994,fear
19950,neutral
19961,happy
2006,angry
20222,angry
20227,sad
20287,surprise
20290,angry
20298,fear
20303,angry
20312,angry
20328,angry
20353,angry
20374,sad
20451,sad
2050,angry
20505,angry
20532,angry
2055,sad
20629,angry
20630,neutral
20635,angry
20640,angry
20653,sad
20673,angry
20686,angry
20736,angry
20739,sad
20796,surprise
20817,happy
20849,neutral
21068,sad
21099,angry
21111,angry
21131,sad
21135,angry
21161,angry
2117,surprise
21173,angry
21284,angry
21371,sad
21374,angry
2142,neutral
21447,fear
21472,angry
21511,angry
21512,happy
21520,surprise
21541,sad
21573,sad
21670,sad
21703,angry
21723,angry
21782,angry
21836,happy
21865,angry
21916,sad
21921,sad
21922,sad
2194,sad
22089,angry
22183,fear
22184,angry
22198,angry
2225,sad
22309,sad
22334,sad
22375,sad
22516,fear
22695,angry
22733,angry
22739,sad
22789,neutral
22807,neutral
22810,neutral
22832,happy
2290,fear
22990,angry
23,happy
23008,sad
23041,sad
23059,angry
23085,neutral
23164,angry
23194,angry
23215,neutral
23230,happy
23246,sad
23327,happy
23404,happy
23468,angry
23473,angry
23488,angry
23521,sad
23532,angry
23749,angry
23780,angry
23783,happy
23814,fear
23847,neutral
23886,happy
24067,angry
2407,sad
24071,disgust
24176,fear
24184,angry
24252,sad
24378,sad
24412,fear
24428,angry
24435,happy
24437,sad
24441,sad
24466,fear
24490,sad
245,neutral
24501,neutral
24542,sad
24660,fear
24678,angry
24711,angry
24789,angry
24797,angry
24819,angry
24821,neutral
2484,neutral
2486,sad
2487,angry
24886,sad
249,neutral
24959,surprise
24967,fear
2498,neutral
24992,angry
25082,sad
25088,fear
251,neutral
25101,angry
2511,neutral
25131,fear
25144,angry
25209,fear
25255,neutral
25343,sad
25360,neutral
25435,angry
25528,angry
25542,happy
2557,angry
2558,angry
25612,angry
25681,neutral
25688,sad
25778,happy
25795,angry
2581,neutral
25811,angry
25813,angry
25844,angry
25874,sad
25876,angry
25886,angry
25891,angry
259,sad
25944,angry
25973,angry
26025,neutral
26038,angry
26059,neutral
26121,neutral
26124,sad
26137,happy
26163,happy
26175,sad
26177,sad
26181,angry
26185,angry
26248,fear
26264,sad
26267,angry
26337,angry
26344,angry
26437,sad
26446,fear
26462,sad
26572,angry
26597,happy
26618,neutral
26620,sad
2668,fear
26725,angry
26789,sad
26845,neutral
26860,happy
26886,neutral
26899,angry
26900,angry
26919,angry
26928,angry
26956,angry
27016,angry
27022,fear
27054,happy
2709,neutral
2712,sad
27284,angry
27296,angry
27385,angry
27413,happy
27464,angry
27483,sad
27544,angry
2762,angry
27652,angry
2770,angry
27704,sad
27715,fear
27726,sad
27744,neutral
27770,neutral
27777,neutral
27798,fear
27828,angry
2791,angry
27967,sad
27982,angry
28015,neutral
28058,angry
28062,angry
28120,angry
28144,neutral
28148,angry
28149,neutral
28207,angry
28248,sad
28288,angry
28300,angry
28401,happy
28438,fear
28498,sad
28509,fear
28543,neutral
28547,angry
28560,disgust
28585,angry
28614,angry
28618,angry
28620,angry
28660,angry
28707,neutral
28720,fear
28731,neutral
28737,surprise
28743,neutral
28749,angry
28800,fear
28840,neutral
28867,angry
28884,sad
2890,sad
28932,sad
28952,angry
29085,fear
29119,happy
29132,sad
29202,angry
29266,angry
29319,surprise
2933,sad
29414,sad
29471,angry
29477,neutral
29493,angry
29523,angry
29527,sad
29554,angry
29571,angry
29581,angry
29588,surprise
29614,happy
29669,angry
29685,sad
29730,angry
298,sad
29818,angry
29866,neutral
29929,sad
29931,fear
29947,angry
29977,angry
29980,sad
30002,angry
30004,neutral
30015,neutral
30024,angry
30058,angry
30059,neutral
30082,fear
30085,sad
30171,angry
3021,angry
30260,neutral
30273,sad
30290,neutral
30305,angry
30320,neutral
30325,happy
30394,angry
30415,angry
30420,angry
30456,sad
30458,neutral
30460,angry
30490,neutral
30509,happy
30535,fear
30563,neutral
30584,surprise
30619,happy
30901,angry
30933,neutral
30944,happy
3099,neutral
31033,angry
31042,angry
31081,neutral
31083,neutral
31138,happy
31142,fear
31203,angry
3121,angry
3137,angry
31491,angry
31529,sad
31544,angry
31609,happy
31635,neutral
31693,sad
31703,neutral
3176,sad
31849,angry
3186,angry
31873,angry
3188,happy
31928,neutral
32023,angry
32024,angry
32153,angry
32161,sad
32223,sad
32231,angry
3226,angry
32278,sad
32281,angry
32298,angry
32336,fear
32352,sad
32367,fear
32454,sad
32464,fear
32473,angry
3248,happy
32481,sad
32506,sad
32512,angry
32575,sad
32584,angry
32617,sad
32662,neutral
32755,sad
32777,angry
33015,sad
3303,fear
33105,angry
33131,fear
33221,angry
3327,sad
33301,happy
33308,angry
3334,sad
33352,angry
33444,fear
33450,angry
33459,neutral
33494,angry
33560,neutral
33573,neutral
33633,angry
33666,neutral
3370,angry
33729,angry
3377,fear
338,sad
33809,angry
33829,angry
33890,neutral
33924,happy
33926,fear
3393,sad
33935,disgust
33977,happy
33987,sad
33998,angry
34036,angry
34040,neutral
3412,angry
34138,angry
34151,fear
34175,neutral
34178,angry
34184,angry
34238,happy
34259,sad
34352,sad
34359,surprise
34363,sad
34448,neutral
34474,angry
3449,angry
34507,neutral
34581,sad
34592,angry
34596,sad
34620,angry
3467,fear
34714,angry
34778,angry
34879,surprise
35009,sad
35010,sad
35028,sad
35041,angry
35059,angry
35145,angry
35149,happy
35162,angry
35210,angry
3522,sad
35261,fear
35298,angry
35407,angry
35425,angry
35439,angry
35447,angry
35514,angry
3558,angry
3564,sad
35669,angry
35681,angry
35682,sad
35731,sad
35753,neutral
35805,angry
35809,sad
35820,angry
35828,angry
35881,angry
35884,sad
3599,neutral
3632,sad
377,sad
38,angry
3802,angry
3819,sad
3839,happy
3862,neutral
3870,neutral
3913,sad
4015,angry
404,sad
4060,sad
4077,angry
4100,fear
4196,sad
4229,happy
4306,angry
4317,neutral
4324,angry
4349,fear
4384,angry
4396,fear
4397,sad
4459,angry
4468,angry
4502,fear
4579,angry
4616,angry
4637,neutral
4660,sad
4665,angry
4670,neutral
4700,sad
4751,fear
4807,fear
4878,angry
4937,sad
5010,sad
5060,neutral
5064,angry
521,happy
5220,angry
5233,angry
5244,angry
5259,sad
5312,sad
5317,sad
5400,angry
5422,sad
5432,fear
5434,fear
5459,fear
5519,angry
5564,angry
5570,angry
5582,sad
5607,angry
5610,neutral
5637,happy
5732,angry
5739,neutral
5780,angry
5810,angry
5822,angry
5859,sad
5883,sad
5888,sad
589,surprise
5902,happy
5962,angry
6009,angry
6017,angry
6075,angry
608,sad
6088,sad
6119,angry
6129,angry
6155,angry
6225,fear
6232,sad
624,neutral
6274,angry
6278,angry
6283,disgust
6321,neutral
633,sad
6347,angry
6364,sad
6365,neutral
6375,angry
6390,sad
6420,angry
6426,sad
6471,angry
6484,angry
65,neutral
654,angry
6547,sad
6555,neutral
6561,angry
6566,fear
6580,angry
6581,angry
6584,surprise
6618,angry
6621,angry
665,fear
6652,happy
6726,angry
6739,angry
6745,neutral
676,sad
6766,sad
6809,happy
6890,angry
6923,angry
6955,angry
6965,angry
7015,angry
7056,angry
7103,fear
7136,angry
7174,fear
7219,angry
7257,angry
7261,happy
727,angry
7284,angry
7291,neutral
7409,angry
7492,angry
7550,fear
7559,fear
7589,happy
764,angry
7655,angry
7668,sad
7729,happy
7777,angry
7793,sad
7811,sad
7886,neutral
7919,happy
7937,sad
7979,angry
8000,angry
8001,angry
8052,angry
8096,angry
8103,neutral
8130,angry
8151,angry
816,fear
8267,neutral
8275,angry
8299,angry
8402,neutral
842,angry
854,fear
8555,neutral
8581,neutral
8593,sad
861,angry
8661,fear
8685,neutral
8719,sad
8734,angry
8902,angry
8916,sad
8969,angry
9012,angry
9059,sad
9100,angry
9156,happy
9266,angry
9293,angry
9331,angry
9400,fear
9567,sad
9615,angry
966,angry
9691,sad
9698,neutral
9715,angry
9748,angry
9785,fear
9802,neutral
9811,neutral
9862,neutral
9884,sad
9931,happy
10053,disgust
10435,disgust
10532,fear
1115,disgust
11222,disgust
11529,disgust
11639,disgust
12417,disgust
12753,disgust
13372,fear
13597,angry
13652,sad
13847,angry
14041,neutral
14869,sad
14954,sad
14958,disgust
15110,disgust
16021,disgust
16054,disgust
16121,disgust
16264,disgust
16718,disgust
17260,angry
18077,neutral
1843,disgust
18464,disgust
18716,sad
19649,sad
19734,disgust
19770,disgust
19801,angry
19831,disgust
20761,disgust
21744,neutral
21765,disgust
21851,fear
22320,disgust
2275,fear
23141,disgust
23153,neutral
23665,disgust
23876,fear
24578,angry
25267,angry
25538,disgust
25541,sad
26859,happy
2732,sad
2742,disgust
28332,angry
28390,fear
28710,happy
28987,fear
29158,disgust
29269,disgust
30347,angry
30428,disgust
30499,disgust
30601,angry
30719,disgust
30761,disgust
30907,sad
3101,disgust
31232,sad
31323,neutral
31796,angry
31828,disgust
32487,fear
32681,disgust
33209,neutral
33284,disgust
33561,disgust
33670,disgust
33995,disgust
34022,angry
34432,disgust
34505,sad
34519,happy
3521,fear
35376,disgust
35580,disgust
3690,surprise
3778,disgust
4002,sad
4004,disgust
4265,fear
4312,angry
4481,happy
4737,disgust
5085,disgust
533,fear
573,disgust
6231,disgust
6926,disgust
7068,fear
7192,angry
7405,fear
7455,disgust
7592,disgust
7835,disgust
807,neutral
8415,angry
8585,disgust
8726,sad
8893,disgust
8948,fear
9043,sad
9297,disgust
9460,disgust
9504,sad
10029,angry
10043,sad
10044,fear
1008,fear
10099,sad
101,neutral
10189,fear
10263,neutral
10267,fear
10278,fear
10292,angry
10355,fear
10409,happy
10437,fear
10443,sad
10445,angry
10458,neutral
10489,fear
10493,neutral
10534,fear
1075,sad
10758,sad
1079,sad
10797,fear
10832,neutral
10933,fear
10944,happy
10968,neutral
10979,fear
11030,fear
11036,angry
11039,neutral
11054,neutral
11057,neutral
11104,fear
11112,fear
11137,surprise
11143,sad
11146,sad
1116,sad
1128,surprise
1133,fear
11353,fear
11360,happy
1137,neutral
11381,happy
11412,fear
11416,sad
11471,angry
11536,sad
1154,sad
11559,surprise
11587,sad
11653,fear
11682,fear
11687,sad
1169,neutral
11704,sad
11706,neutral
11727,sad
11729,sad
11747,happy
11754,happy
11774,fear
11816,sad
11855,sad
11904,fear
1193,surprise
11944,surprise
11968,fear
11999,sad
12063,angry
12125,fear
12255,fear
12259,happy
12313,fear
12334,angry
12350,surprise
12383,neutral
12431,neutral
12440,neutral
12472,neutral
12496,sad
12527,fear
12578,neutral
12592,fear
12634,angry
12674,angry
12676,fear
12698,fear
12712,fear
12737,surprise
12809,sad
12891,sad
12948,angry
12986,fear
12988,sad
13067,neutral
13071,neutral
131,fear
13114,sad
13121,neutral
13152,fear
13179,fear
13233,fear
1325,neutral
13250,angry
13252,fear
13301,angry
13306,angry
13308,angry
13310,angry
13362,neutral
13394,neutral
13405,neutral
1343,angry
13482,fear
13486,sad
13518,angry
13549,surprise
13561,neutral
13585,angry
13587,fear
13593,sad
13596,sad
13638,angry
13664,surprise
1367,sad
13683,sad
13694,fear
13798,sad
13855,fear
1389,sad
13899,neutral
13913,angry
13921,sad
13928,neutral
13933,neutral
13939,fear
13965,fear
13971,neutral
1401,sad
14011,fear
14033,fear
14037,neutral
14044,sad
14057,sad
14082,fear
1410,surprise
14114,happy
14117,fear
14268,fear
1429,fear
14306,neutral
1441,sad
14444,neutral
14452,sad
14509,fear
14529,angry
14551,happy
14605,disgust
14620,angry
14637,fear
1465,happy
14722,sad
1474,neutral
14744,sad
14747,sad
14786,fear
14789,sad
148,fear
1485,surprise
14891,fear
14987,sad
15001,fear
15012,sad
15040,surprise
1506,sad
15088,sad
15134,fear
15191,sad
15198,fear
15260,fear
15268,sad
15279,sad
15280,sad
1534,fear
15503,happy
15539,neutral
15544,fear
15578,sad
15615,surprise
15622,angry
15663,angry
15668,sad
15678,fear
1576,neutral
15778,fear
15859,neutral
15870,fear
15881,fear
15921,surprise
15950,angry
15984,fear
1599,fear
15999,sad
16039,fear
1606,sad
16071,surprise
16113,fear
16134,fear
16226,fear
16277,fear
16318,fear
16330,fear
16346,fear
16374,fear
16395,sad
16429,neutral
16440,fear
16450,happy
16486,fear
16489,fear
16501,fear
16503,fear
16523,fear
16539,sad
1654,fear
16559,sad
1657,sad
1660,fear
16609,sad
16632,angry
16674,surprise
16775,fear
16788,fear
16802,fear
16811,neutral
16830,fear
16915,sad
16930,sad
16954,neutral
16977,neutral
16990,fear
17105,fear
17107,fear
17114,fear
17180,fear
17191,fear
17213,happy
17217,neutral
1722,neutral
17236,fear
1727,angry
17314,fear
17334,angry
17369,neutral
17449,sad
17479,fear
17503,sad
17550,sad
17558,sad
1756,fear
17587,sad
17631,sad
17668,fear
17685,fear
17707,fear
17710,fear
17762,angry
17816,sad
17831,fear
17834,happy
17901,fear
17930,fear
17932,sad
17934,happy
1796,sad
1799,sad
18006,sad
18010,fear
18068,neutral
18073,fear
18104,fear
18106,angry
18108,surprise
18117,fear
18148,neutral
18203,neutral
18291,neutral
18299,angry
18309,surprise
18317,sad
18325,fear
18336,fear
18364,neutral
1838,fear
18404,happy
18513,angry
18517,happy
18523,neutral
18527,fear
18542,fear
18569,fear
1857,fear
18574,happy
18641,angry
18713,sad
1873,fear
18753,sad
18757,angry
18763,fear
18905,sad
18908,sad
18911,surprise
18960,fear
18974,fear
18976,sad
18984,neutral
19000,neutral
19020,fear
19064,neutral
19089,angry
19119,fear
19188,sad
19216,sad
19226,sad
19235,fear
19252,sad
1929,disgust
19349,happy
1939,fear
19454,neutral
19473,neutral
19497,fear
19559,fear
19599,sad
19612,happy
19644,neutral
19682,sad
19740,neutral
19754,sad
19810,neutral
19841,fear
1986,fear
19888,sad
19896,neutral
19897,sad
19995,fear
200,sad
20037,fear
20058,sad
20062,angry
20083,fear
20135,fear
20194,angry
20214,sad
20265,happy
20337,sad
20411,sad
20424,angry
20450,surprise
20461,fear
2047,fear
20476,sad
20495,fear
20508,neutral
20526,neutral
20579,fear
20598,fear
20617,neutral
20715,neutral
20831,neutral
20843,fear
20851,sad
20897,happy
20970,sad
2098,angry
21,fear
21070,fear
21101,sad
21102,fear
21227,fear
21230,sad
21250,fear
21269,happy
21280,surprise
21352,sad
21360,sad
21387,surprise
21420,sad
21464,angry
21499,fear
21500,surprise
21556,neutral
21559,fear
21598,fear
21615,angry
21654,sad
21686,angry
21697,happy
2178,fear
21833,fear
21858,fear
21877,fear
21946,fear
21967,fear
22050,fear
22074,fear
22102,sad
22130,fear
22166,fear
2226,fear
22326,surprise
22349,sad
224,fear
22458,fear
22485,sad
22520,surprise
22607,neutral
22640,sad
22662,fear
22756,fear
22791,fear
22827,fear
22839,fear
22840,neutral
22917,neutral
22944,happy
22988,sad
22997,happy
23038,sad
23083,neutral
23100,fear
23126,fear
23142,neutral
23184,happy
23192,sad
23209,surprise
23260,fear
23305,surprise
23332,sad
23362,sad
23368,fear
23389,neutral
23403,sad
23427,sad
23447,neutral
23463,fear
23477,sad
23517,neutral
23540,surprise
23561,fear
23566,happy
2357,angry
23718,surprise
23731,sad
23767,angry
23778,sad
2378,fear
23791,fear
2391,angry
24016,sad
24035,angry
24088,fear
24089,neutral
24131,neutral
2416,happy
24165,sad
24185,happy
24213,fear
24220,neutral
2426,neutral
24452,fear
24479,sad
24482,surprise
24539,sad
24554,angry
24562,surprise
24579,fear
24621,fear
24625,fear
24694,angry
24721,sad
24753,fear
24763,angry
24778,happy
24822,sad
24880,fear
24948,fear
24963,fear
24978,angry
24991,sad
25045,fear
25046,sad
25061,neutral
25074,fear
25108,neutral
25109,sad
25133,sad
25162,fear
25191,neutral
25202,fear
25220,happy
25242,fear
25247,sad
25298,happy
25306,sad
25327,fear
25359,neutral
25439,sad
25481,neutral
25496,neutral
25555,sad
25570,surprise
25577,sad
25590,fear
25605,fear
25621,fear
25638,sad
25647,angry
25710,fear
258,sad
25820,fear
25914,fear
2592,neutral
2593,sad
26082,fear
26091,happy
26097,sad
26131,sad
26210,happy
26250,fear
26275,angry
26283,sad
26363,angry
26377,fear
26385,fear
26394,sad
264,fear
26402,sad
26409,surprise
2641,fear
26454,angry
26469,surprise
2651,fear
2657,fear
26582,fear
26726,sad
2681,sad
26842,neutral
26895,fear
26916,surprise
26927,fear
26973,fear
26980,fear
270,fear
27006,fear
27077,sad
27094,sad
27098,fear
27103,fear
27145,angry
27300,sad
27308,neutral
27359,fear
27363,fear
27369,sad
27488,surprise
27503,angry
27509,fear
27591,sad
27635,sad
27709,sad
27764,sad
27772,sad
27806,sad
27846,fear
27868,sad
27889,fear
2789,sad
27899,happy
27910,neutral
27937,sad
28050,angry
28101,fear
28189,fear
28210,fear
28243,fear
28267,fear
28308,fear
28331,fear
28417,fear
28453,surprise
28503,fear
28515,fear
28548,fear
2858,sad
2860,neutral
28627,fear
28701,surprise
28704,fear
28724,fear
28729,fear
28734,sad
28859,happy
29005,fear
29026,fear
29027,happy
29043,fear
2906,angry
29068,angry
29126,neutral
29152,fear
29219,sad
2927,neutral
29284,fear
29285,sad
29291,fear
29315,angry
29327,sad
29349,surprise
29389,angry
29478,fear
29528,surprise
29536,sad
29603,disgust
29629,neutral
29674,fear
297,happy
29701,fear
29709,fear
29713,fear
29720,happy
29731,angry
29733,sad
29735,sad
29738,neutral
29795,happy
29869,angry
2987,happy
29871,happy
2988,surprise
29892,sad
29912,sad
29924,sad
29990,fear
3000,happy
30062,happy
30074,sad
30196,sad
30206,neutral
30237,fear
30253,sad
30316,surprise
30333,fear
3036,sad
30482,fear
30564,sad
3057,sad
30594,fear
30638,sad
30735,angry
30774,fear
30798,neutral
3087,sad
30936,sad
31007,neutral
31105,fear
31107,happy
31116,surprise
3112,fear
31130,neutral
31157,fear
31159,surprise
31188,fear
3124,fear
31286,fear
31330,neutral
31341,sad
31357,fear
31375,angry
31395,sad
31398,fear
314,fear
31421,sad
31461,neutral
31526,sad
31535,happy
31569,fear
31625,fear
31638,sad
31655,sad
3170,surprise
31738,sad
31782,fear
31821,fear
31855,fear
31860,fear
31866,happy
31903,fear
31916,fear
31940,sad
31954,sad
31973,sad
31979,sad
32076,fear
32097,fear
32103,sad
32180,neutral
32279,surprise
32323,neutral
32349,surprise
32351,angry
32438,happy
32461,fear
32463,neutral
32485,fear
32507,neutral
32551,fear
32569,fear
32619,neutral
32623,fear
32642,sad
32682,neutral
32688,sad
3269,fear
32692,sad
32696,surprise
32758,sad
32766,neutral
32799,fear
32829,sad
32876,fear
32879,fear
32889,angry
32931,fear
32940,fear
32941,neutral
32946,fear
3296,fear
3297,fear
32996,fear
33007,fear
33051,fear
33097,fear
3314,fear
33215,fear
33258,sad
33299,fear
33358,fear
33390,happy
33410,fear
33419,fear
33440,fear
33490,neutral
33519,angry
33535,fear
33548,fear
33559,neutral
33587,fear
33608,sad
33617,sad
33644,surprise
33673,surprise
33674,neutral
33701,sad
33718,sad
33806,angry
33855,sad
3391,fear
33919,fear
33940,sad
340,fear
3402,sad
34024,surprise
34063,neutral
3409,fear
34097,fear
341,happy
34100,neutral
34117,sad
34120,sad
34143,fear
34201,fear
34277,sad
34325,fear
34356,angry
34382,fear
34396,fear
34415,angry
34462,fear
34465,happy
34522,happy
34545,sad
34613,fear
34656,happy
34659,angry
34675,fear
3472,sad
34730,neutral
34755,neutral
34878,sad
34897,sad
34968,fear
34972,sad
35022,fear
35120,fear
35151,surprise
35202,fear
35207,angry
35230,fear
35238,surprise
35250,fear
35257,sad
35279,neutral
35322,fear
35334,neutral
35362,angry
35363,fear
35394,fear
35410,sad
35427,sad
35453,fear
35541,sad
35592,fear
35629,fear
3565,surprise
35697,fear
35709,angry
3584,neutral
35851,neutral
3601,neutral
3645,fear
365,angry
3709,fear
3714,neutral
3719,fear
3722,surprise
3736,neutral
3739,sad
3742,neutral
3783,neutral
3785,sad
3836,sad
3837,angry
3985,fear
4033,fear
4040,sad
4064,fear
4098,sad
414,fear
418,neutral
4200,surprise
4217,neutral
4234,neutral
4296,sad
4308,fear
4316,sad
4340,fear
4411,fear
4453,fear
4516,fear
452,happy
4523,fear
454,fear
4540,fear
4547,angry
460,fear
4650,fear
4821,happy
483,sad
4858,fear
4901,happy
4917,fear
4975,fear
4979,sad
4986,fear
500,neutral
5023,angry
504,fear
507,fear
5074,neutral
5097,happy
5117,sad
5184,neutral
5222,surprise
5253,fear
5263,fear
5283,sad
5360,fear
538,sad
546,sad
5472,sad
5514,surprise
5567,neutral
5622,fear
5638,sad
5654,sad
5717,sad
5736,sad
5809,surprise
5858,sad
5957,fear
5961,sad
5989,happy
5992,fear
6035,sad
6037,fear
6054,sad
6059,surprise
6062,fear
6064,fear
6091,fear
6106,sad
6152,angry
6153,fear
6176,angry
6179,fear
6214,surprise
6311,angry
6345,neutral
6346,happy
6366,fear
6469,happy
6495,fear
6515,angry
6608,sad
6732,angry
6747,fear
6808,fear
6814,neutral
6876,fear
689,fear
6902,happy
6909,fear
6973,fear
6988,fear
7027,fear
7038,surprise
7102,neutral
712,fear
7129,fear
7146,sad
7150,happy
7158,neutral
7182,fear
7270,sad
7271,sad
729,sad
73,fear
7302,fear
7305,fear
7350,angry
7394,sad
741,neutral
7517,angry
7542,fear
7580,angry
7681,fear
7684,neutral
7748,fear
7749,fear
7756,fear
7786,fear
7819,sad
7846,sad
7875,angry
7894,happy
794,neutral
7980,fear
8035,fear
8040,fear
8043,fear
8067,angry
8119,fear
8163,neutral
8177,happy
8178,fear
8239,fear
8350,surprise
8433,neutral
8454,sad
8474,happy
8481,sad
85,neutral
8556,happy
859,happy
8611,neutral
8637,fear
8645,fear
8672,sad
872,fear
8754,fear
8795,happy
8797,sad
8818,angry
886,angry
9037,fear
9040,angry
9101,fear
911,sad
9179,neutral
9205,surprise
9232,fear
9251,fear
9261,neutral
9281,fear
9302,sad
9333,fear
9369,surprise
9370,angry
9474,sad
949,sad
9602,angry
9606,sad
9842,angry
9898,sad
10019,sad
10023,sad
10074,happy
10096,happy
10106,happy
10126,sad
10138,happy
10141,surprise
1020,happy
10218,happy
10237,happy
10248,happy
10257,happy
1027,happy
10273,neutral
10276,happy
10312,happy
10317,happy
10344,happy
10362,happy
10367,happy
10370,happy
10432,happy
10456,neutral
10467,happy
10468,fear
10480,happy
10528,happy
10540,happy
10552,happy
1056,fear
10571,surprise
1058,happy
10622,happy
10638,sad
10640,happy
10644,happy
10647,sad
10683,happy
10703,sad
1074,happy
10770,sad
10773,happy
10792,fear
1081,happy
10811,happy
10841,happy
10879,fear
10903,happy
10935,happy
10956,happy
10992,happy
11019,happy
1111,happy
11150,happy
11208,happy
1121,happy
11236,happy
1130,fear
11345,happy
11349,happy
11392,sad
1141,happy
11500,happy
11508,neutral
11516,happy
1152,happy
11530,happy
11549,sad
11552,happy
11558,happy
11573,happy
11575,happy
11588,neutral
1159,fear
11594,happy
11604,happy
11614,happy
11637,happy
11646,happy
11658,happy
11717,happy
11733,happy
11763,happy
11766,happy
11772,happy
11785,happy
11793,happy
11808,happy
11814,happy
11819,happy
11835,happy
11842,happy
11850,happy
11885,neutral
11927,happy
12011,happy
1202,happy
12024,happy
12098,happy
12120,happy
12129,happy
12141,happy
12191,happy
12239,happy
12257,happy
12284,sad
12321,happy
12329,happy
12349,surprise
12359,happy
12376,happy
12379,neutral
12381,happy
12410,happy
1246,happy
12487,happy
12492,sad
12497,surprise
12557,happy
12560,happy
12581,happy
12600,happy
12611,happy
12672,happy
12705,sad
12725,happy
12729,angry
12772,happy
12776,happy
12789,happy
12861,happy
12904,happy
12936,neutral
12951,happy
12956,happy
12957,happy
13037,surprise
13073,happy
1309,happy
13105,happy
13108,happy
13127,neutral
13139,happy
13151,happy
1316,happy
13204,happy
13228,happy
13283,happy
13317,happy
13322,happy
1334,happy
13348,angry
13353,happy
13363,happy
13366,fear
13385,angry
1341,happy
13427,happy
13428,happy
13449,happy
13456,happy
13476,happy
13502,happy
13526,happy
13528,neutral
13570,happy
13584,happy
13590,happy
13615,neutral
13618,happy
13655,happy
13703,happy
13706,happy
13715,happy
13757,fear
13761,happy
13792,happy
13802,happy
1381,happy
13833,happy
13848,happy
13874,happy
13877,happy
139,happy
13911,happy
13912,surprise
13925,happy
1395,happy
13955,happy
13968,fear
13969,happy
13991,neutral
14063,angry
14092,happy
141,neutral
14139,happy
14152,happy
14155,neutral
14169,happy
14236,happy
14278,happy
14282,happy
14292,happy
14310,happy
14314,happy
14327,happy
14348,happy
14360,happy
14371,happy
14378,happy
14419,fear
14427,happy
14448,neutral
14473,happy
14475,happy
14516,happy
14517,sad
14518,neutral
14546,happy
14586,neutral
14593,happy
14611,happy
14700,happy
14730,happy
14757,happy
14759,sad
14792,happy
14877,happy
1491,happy
14965,happy
14973,neutral
15039,happy
15060,happy
15077,happy
15099,happy
1512,happy
15147,happy
15181,happy
15212,happy
15216,sad
15221,happy
15229,happy
15257,happy
15269,neutral
15271,happy
15292,happy
15310,happy
15323,happy
15331,happy
15335,happy
1538,angry
15397,happy
15400,happy
15409,happy
15426,angry
15432,neutral
15438,happy
15443,happy
15455,happy
15494,happy
15520,neutral
15523,angry
15589,happy
15616,happy
15621,happy
15677,happy
15708,happy
15758,happy
15767,happy
15791,surprise
15843,fear
15854,happy
15885,neutral
15910,surprise
15966,disgust
15976,happy
15983,neutral
16037,fear
16042,happy
16064,happy
16076,happy
16081,happy
16106,neutral
16108,happy
16120,happy
16141,happy
16192,happy
16198,happy
16238,happy
16275,happy
1628,happy
16308,happy
16370,happy
16375,happy
1640,happy
16407,sad
16423,happy
16444,happy
16460,sad
16511,neutral
16550,angry
16562,happy
16583,happy
16588,happy
16596,happy
16604,happy
16611,happy
16619,happy
16633,happy
16649,happy
16667,happy
16699,happy
167,happy
1670,happy
16700,happy
16712,sad
16734,happy
16738,happy
16751,happy
16752,happy
16759,happy
16770,happy
16795,happy
16799,happy
16809,happy
16818,happy
16952,happy
16967,happy
16971,happy
1699,happy
17002,happy
17007,happy
17010,neutral
17021,sad
17022,happy
17032,happy
1704,sad
17041,happy
1707,happy
17098,happy
17104,happy
17117,happy
17188,happy
17194,happy
17207,happy
17220,happy
17319,happy
17367,neutral
17381,happy
17397,happy
17402,happy
17447,happy
17462,happy
17470,happy
17484,happy
17485,happy
17494,happy
17498,happy
17506,happy
17524,happy
17541,happy
17543,happy
17552,happy
17609,happy
17624,happy
17654,happy
1768,happy
17682,happy
17684,sad
17692,happy
17694,happy
17698,happy
1770,happy
17715,happy
17772,happy
17799,happy
17802,neutral
17821,happy
1787,happy
17904,happy
1793,happy
17936,happy
18016,neutral
18018,happy
18025,neutral
18033,happy
18037,happy
18080,happy
18082,happy
1815,happy
18165,happy
18173,happy
18205,happy
18226,happy
18237,happy
18245,happy
18249,sad
18250,happy
18256,happy
18259,surprise
18297,happy
18308,happy
18383,happy
18405,happy
18424,fear
18425,happy
18442,happy
18443,happy
18471,happy
18476,happy
18483,happy
18487,happy
18503,happy
18505,neutral
18531,sad
18541,fear
18556,happy
18568,happy
18578,happy
18655,happy
18662,happy
1869,happy
187,happy
18700,neutral
18729,happy
18783,happy
18822,happy
18827,happy
18834,happy
18835,happy
18849,happy
18861,happy
1887,happy
18873,happy
18885,happy
18898,happy
18904,surprise
18930,happy
18944,happy
18948,happy
18952,happy
19008,happy
19012,happy
19025,happy
19056,happy
19062,happy
19063,neutral
19074,happy
19105,happy
19127,happy
19130,happy
19132,happy
19137,happy
19148,happy
19160,happy
19162,happy
1919,happy
192,sad
1920,happy
19210,happy
19245,happy
19263,happy
19269,happy
19284,happy
19291,happy
19317,happy
19318,happy
19323,happy
19346,happy
19357,happy
19370,happy
19377,happy
19378,happy
1938,happy
19398,happy
19402,sad
19438,happy
19449,sad
19478,happy
19492,happy
19496,happy
19499,happy
19514,happy
1953,happy
19536,happy
19548,sad
19568,sad
19589,neutral
19597,happy
196,happy
19600,happy
19605,sad
19668,happy
19680,happy
19696,happy
19700,happy
19709,happy
19711,sad
1974,happy
19744,happy
19747,happy
19748,happy
19768,happy
19803,angry
19837,happy
19883,happy
19889,happy
19918,happy
19957,happy
19958,happy
19962,happy
19968,happy
2001,happy
20023,happy
20025,happy
20032,happy
20039,happy
20048,happy
20091,happy
20111,happy
2012,happy
20120,happy
20122,happy
20140,happy
20155,neutral
20165,happy
20181,happy
20196,happy
20208,happy
20213,happy
20216,happy
20218,happy
20229,happy
20239,neutral
20252,happy
20267,happy
20285,happy
20296,sad
20318,happy
20355,happy
20365,happy
20371,fear
20377,happy
20412,happy
20430,happy
20445,happy
20490,happy
20500,sad
20507,happy
20519,happy
20547,happy
20561,happy
20567,happy
2058,happy
20580,happy
20595,happy
20616,happy
2064,happy
20666,happy
20675,neutral
20684,happy
20685,happy
2069,happy
20745,happy
20821,happy
20829,happy
20850,happy
20857,happy
20865,happy
20866,happy
20889,happy
20918,happy
20941,happy
20945,happy
20949,happy
20958,happy
20972,sad
20984,happy
20988,happy
20994,neutral
210,happy
21006,happy
21027,happy
21033,happy
21077,fear
21097,happy
21098,happy
21120,happy
21143,happy
21177,happy
21185,happy
2120,surprise
21200,happy
2122,happy
21235,sad
21292,happy
213,happy
21305,happy
21316,happy
21348,happy
2135,happy
2137,happy
21376,happy
21384,happy
21394,happy
21439,happy
21441,happy
21460,happy
21473,happy
21483,angry
21501,fear
2152,sad
21524,happy
21538,happy
21574,happy
2159,happy
21593,happy
21602,happy
21605,happy
21618,happy
21699,happy
21708,happy
21750,happy
21778,happy
21783,neutral
21787,happy
2182,happy
21825,neutral
21835,happy
2184,happy
21846,happy
21876,happy
21899,happy
21927,sad
21942,happy
21943,happy
21961,sad
21990,neutral
2204,happy
22056,neutral
22064,happy
22080,happy
22097,happy
22111,neutral
22138,happy
22140,happy
22150,happy
22154,happy
22178,angry
22179,happy
22191,happy
22194,fear
22201,happy
22247,happy
22289,sad
22290,happy
22301,sad
2231,happy
22340,happy
22346,happy
22347,happy
22351,neutral
22380,happy
22388,happy
22395,happy
22424,happy
22459,happy
22466,happy
22506,happy
22532,happy
22545,happy
22560,happy
22574,happy
22600,happy
22604,happy
22612,happy
22614,happy
22671,happy
22679,angry
22711,neutral
22750,happy
22754,angry
22763,happy
22778,happy
22784,happy
22804,happy
22805,happy
2282,happy
22834,happy
2284,happy
22863,neutral
2287,happy
22894,happy
22900,happy
22910,happy
2293,happy
22935,happy
22991,happy
23028,happy
2305,happy
2307,happy
2308,happy
23096,happy
23101,happy
23114,happy
23122,happy
23170,happy
23238,happy
2324,angry
2327,happy
23293,happy
23319,happy
23320,sad
23321,happy
23334,happy
23377,happy
23380,happy
23381,happy
23419,happy
23440,happy
23453,happy
23462,fear
2350,happy
23501,happy
23525,happy
23555,happy
23559,fear
23572,happy
23590,happy
23612,happy
23621,happy
23664,happy
23667,happy
2374,happy
2377,happy
23770,happy
23786,sad
23801,happy
23813,happy
23848,happy
23862,happy
23865,neutral
23866,happy
23891,happy
23897,happy
23920,happy
23933,happy
23946,happy
24027,happy
2403,sad
24054,neutral
24055,happy
24077,angry
24079,happy
24099,happy
2411,sad
24123,happy
24137,happy
24148,disgust
24161,happy
24189,happy
24200,happy
2421,happy
24211,happy
24219,happy
24224,happy
2424,happy
24241,happy
24259,surprise
24263,sad
24286,sad
24289,happy
24292,happy
24297,happy
24299,happy
24340,happy
24354,happy
24355,happy
2436,neutral
24360,happy
24380,happy
24390,happy
24391,surprise
24393,happy
24395,happy
24410,sad
24465,happy
24492,happy
2450,happy
24509,happy
24521,happy
24530,happy
24535,happy
24536,happy
24570,happy
24607,happy
24633,fear
24652,happy
24656,happy
24680,happy
24692,happy
24699,happy
247,happy
24718,happy
2472,happy
24731,neutral
24747,angry
24764,happy
24769,happy
24777,happy
24783,happy
24823,happy
2483,happy
24845,happy
24884,sad
24906,happy
24910,happy
2492,neutral
24942,happy
24946,happy
25006,happy
25017,happy
25028,happy
25037,sad
25039,happy
25048,angry
25058,happy
25123,happy
25163,happy
25180,neutral
25186,neutral
25199,happy
25223,neutral
25271,happy
25275,neutral
25287,fear
25322,happy
25328,happy
25337,happy
25342,happy
25383,sad
25396,happy
25414,happy
25420,happy
25431,happy
25438,angry
25443,happy
25454,sad
25472,happy
25517,sad
25533,happy
2554,neutral
2556,happy
25578,happy
2559,happy
25602,happy
25604,happy
25649,happy
25652,happy
25658,neutral
25686,happy
25705,happy
25714,happy
25719,happy
25720,happy
25744,happy
25747,happy
25759,happy
25775,happy
25809,happy
25839,happy
25887,happy
25902,happy
25927,fear
25937,happy
25949,sad
25993,happy
26018,happy
2603,sad
26032,happy
26034,fear
26046,happy
26077,sad
26098,happy
26107,sad
2611,happy
26159,happy
26160,happy
26169,happy
2620,happy
26212,happy
26224,happy
2629,happy
26338,happy
26370,happy
26397,happy
2640,happy
26456,happy
26459,happy
26468,happy
26477,happy
2649,happy
26511,happy
2655,happy
26563,happy
26578,happy
26660,happy
26665,happy
26667,surprise
26676,happy
26703,happy
26720,sad
26736,happy
26775,happy
2678,happy
26819,happy
26840,happy
26850,neutral
26873,happy
26888,happy
26891,happy
26906,happy
26909,neutral
26913,happy
26935,happy
26960,happy
26963,happy
26967,happy
26978,happy
26981,happy
27048,happy
27051,happy
27105,neutral
27106,happy
27128,happy
27140,happy
27152,happy
27162,happy
27172,happy
27187,happy
27196,happy
27197,happy
27204,neutral
27212,happy
27227,happy
27246,happy
27277,happy
27294,happy
2730,happy
27326,happy
27333,happy
27334,happy
27365,happy
27367,happy
27404,happy
27407,sad
27426,happy
27446,happy
2745,happy
27452,happy
27474,happy
27508,happy
2754,happy
27554,neutral
27563,happy
27575,happy
27616,happy
27619,neutral
27625,happy
27636,happy
27645,happy
27647,happy
27648,neutral
27662,happy
27671,happy
27675,happy
27701,happy
2771,happy
2774,happy
27779,fear
27823,happy
27854,happy
2790,happy
27928,neutral
27931,happy
27932,happy
27940,happy
27944,happy
27949,happy
2796,happy
28040,happy
28046,neutral
2805,happy
2806,sad
2810,happy
28105,happy
28108,happy
28115,happy
28138,happy
28140,happy
2816,happy
2820,happy
28249,happy
28256,happy
28264,happy
28273,happy
28282,happy
28367,sad
28376,happy
28379,happy
28383,happy
28415,neutral
28474,happy
28502,happy
28522,happy
28529,happy
2857,sad
28581,happy
28590,happy
28594,happy
28600,happy
2861,happy
28632,happy
2867,happy
28676,happy
28688,happy
28772,surprise
28797,happy
28807,happy
28814,happy
2885,happy
28871,happy
28897,happy
28928,happy
28934,happy
28938,angry
28949,happy
28954,happy
28955,happy
28962,happy
28963,happy
28982,happy
29003,happy
29019,happy
29020,neutral
29067,happy
29071,sad
29074,happy
29111,happy
29123,happy
2913,happy
29185,happy
29211,happy
29214,happy
29248,fear
29258,happy
29290,sad
2930,happy
29300,happy
29329,happy
29365,happy
29370,happy
2938,happy
29398,happy
29415,happy
29423,neutral
29456,happy
29460,happy
29464,sad
29467,happy
29475,sad
2948,happy
29504,happy
29555,happy
29578,happy
29589,happy
29645,happy
29647,happy
29648,happy
29649,happy
2965,happy
29680,happy
29697,happy
29699,neutral
29707,happy
29724,happy
29766,angry
29769,happy
29773,happy
29821,happy
29834,happy
29844,happy
2985,neutral
29889,happy
29919,happy
29979,happy
29981,happy
29987,happy
29991,happy
30,happy
30006,happy
30016,happy
30069,happy
30099,happy
3010,happy
30102,happy
30114,happy
30119,happy
30127,happy
30143,sad
3016,happy
30164,happy
30188,happy
30193,happy
30216,happy
3022,happy
30221,happy
3024,happy
30241,happy
30245,happy
3029,happy
30297,neutral
30328,happy
30332,happy
30337,happy
30338,happy
30341,happy
30400,happy
30407,happy
30424,happy
30478,happy
30585,happy
30646,happy
30651,happy
30652,happy
30661,neutral
30675,happy
30683,happy
30689,happy
3069,happy
30704,angry
30728,sad
30737,happy
30738,surprise
30749,happy
3077,happy
30772,happy
30779,happy
30793,neutral
30808,neutral
30820,happy
30822,happy
30823,happy
30825,happy
3083,happy
30830,happy
30835,happy
30851,happy
30855,happy
30856,neutral
3086,happy
30871,happy
30893,surprise
30909,sad
30948,happy
30951,happy
30961,happy
30962,happy
30965,happy
30981,sad
31010,sad
31029,happy
31043,neutral
31056,happy
3106,happy
31080,happy
31101,happy
31112,sad
31137,happy
31140,happy
31141,happy
31145,happy
3117,happy
3120,happy
31209,happy
31239,happy
31285,happy
31295,happy
3131,happy
31316,happy
3132,happy
31366,happy
3138,happy
31384,happy
3144,happy
31440,happy
3146,happy
31542,happy
31551,happy
31571,happy
31572,happy
3162,happy
31627,happy
31629,happy
31659,happy
31697,happy
31742,happy
31752,happy
31806,happy
31811,happy
3182,happy
31833,happy
31853,happy
31858,happy
31870,happy
31897,happy
31908,happy
31929,surprise
31952,fear
31977,happy
31987,happy
32046,happy
32047,happy
32048,happy
32051,angry
3209,happy
32142,happy
32144,happy
3215,sad
32177,fear
32248,happy
32344,happy
32354,surprise
32372,happy
32377,happy
32382,happy
32388,happy
32402,happy
32439,happy
3245,fear
325,happy
3250,happy
32541,happy
32544,happy
32568,happy
32570,surprise
32574,happy
32595,happy
3260,fear
32607,happy
32614,happy
32624,happy
32627,happy
32684,surprise
32725,happy
32763,happy
32769,happy
32773,happy
3278,happy
32796,happy
32826,happy
32835,happy
32837,fear
32838,happy
32849,neutral
32913,happy
32917,happy
32950,happy
32952,happy
32953,happy
32958,happy
32973,happy
32993,happy
32997,happy
32998,happy
33016,sad
33017,happy
33024,happy
33046,happy
33065,happy
33066,angry
33071,happy
33084,happy
33091,neutral
33094,happy
331,happy
3313,happy
33144,surprise
33174,happy
33175,happy
3318,sad
33188,happy
33212,happy
33216,happy
33228,happy
33231,happy
33240,happy
33268,happy
33283,happy
333,happy
33319,happy
33320,neutral
33322,happy
33326,surprise
33343,happy
33357,happy
33366,happy
33375,happy
33407,happy
33423,happy
33455,sad
33460,happy
33463,happy
33518,happy
33525,happy
33530,happy
33533,happy
33544,happy
33564,happy
33610,happy
33648,happy
33660,happy
33675,happy
33690,happy
33727,happy
33757,happy
33762,happy
33802,happy
33807,neutral
33842,happy
33853,happy
33874,happy
33915,happy
33917,happy
33933,happy
33938,happy
33981,happy
34015,happy
34049,happy
34057,happy
34098,happy
3410,happy
34102,happy
3411,fear
34119,happy
34129,happy
3414,happy
34170,happy
34219,happy
3422,happy
34226,happy
34234,happy
34244,happy
34257,happy
34295,happy
34302,happy
3431,happy
34316,happy
34361,happy
34375,neutral
34386,happy
34397,happy
34412,neutral
34435,happy
34437,angry
34464,happy
34468,happy
3447,angry
34471,happy
34483,happy
34498,happy
34510,neutral
3452,happy
34567,happy
34569,happy
34585,happy
34599,happy
34600,happy
34644,happy
34645,happy
34649,happy
3465,happy
34688,fear
34720,happy
34724,happy
34737,happy
34753,happy
34756,happy
34759,happy
34761,happy
34768,happy
34772,happy
34829,happy
34836,happy
34840,happy
34841,happy
34861,happy
34941,happy
34965,happy
34969,happy
34978,sad
35101,sad
35117,happy
35142,happy
35153,happy
35163,happy
35177,happy
35199,happy
35200,happy
35209,happy
35226,neutral
35291,happy
35321,happy
35341,sad
35346,happy
35364,happy
35369,happy
35370,happy
35372,happy
3538,happy
3543,happy
35454,happy
35481,happy
35497,happy
35520,neutral
35536,happy
35547,happy
35552,happy
35559,happy
35582,happy
35598,happy
356,happy
35603,happy
35659,fear
35664,happy
35677,happy
35685,happy
35698,happy
3570,happy
35707,happy
35721,happy
35724,happy
3574,sad
35767,happy
35771,happy
35787,sad
35792,happy
35794,happy
35804,happy
35850,happy
35856,happy
35860,happy
35869,happy
3590,happy
3647,happy
366,happy
3662,happy
3663,happy
370,happy
3755,neutral
3763,happy
3766,neutral
3772,sad
3811,happy
3818,happy
3842,happy
3875,happy
3891,surprise
3906,angry
3958,happy
3959,neutral
3969,happy
3977,happy
3978,happy
3982,sad
4029,happy
4041,happy
4084,happy
4090,happy
4094,happy
41,happy
4107,happy
4114,surprise
4133,happy
4156,neutral
4159,happy
4165,happy
4169,happy
4174,surprise
4182,happy
4185,happy
4226,neutral
4248,happy
4264,happy
4269,happy
4284,happy
4295,neutral
4345,surprise
4363,happy
4366,happy
440,happy
4433,happy
446,happy
4480,happy
4485,happy
4492,happy
4506,happy
4526,happy
4549,angry
4558,happy
4576,happy
4580,happy
4589,happy
4606,happy
4607,happy
4620,happy
4634,happy
4640,happy
4649,happy
4653,happy
4666,neutral
478,neutral
4786,happy
4791,sad
4797,happy
4803,happy
4814,happy
4827,happy
4832,sad
4849,happy
485,happy
487,happy
4910,happy
4948,sad
4980,happy
4988,happy
4996,happy
5006,happy
5008,happy
5048,happy
5062,happy
5089,angry
5102,happy
5127,happy
5154,happy
5176,happy
5209,happy
5264,happy
5269,happy
527,happy
5278,happy
5279,happy
5289,happy
5293,happy
5303,happy
531,sad
5318,happy
5340,happy
5356,neutral
5417,happy
5445,happy
5452,happy
5468,happy
5477,happy
5490,happy
5493,happy
5523,happy
553,happy
5548,happy
5558,neutral
5594,happy
5618,happy
5674,happy
568,happy
5694,happy
5705,happy
5714,happy
5719,happy
5753,happy
5766,happy
5783,happy
5797,happy
5800,happy
5807,happy
5812,happy
5835,happy
5857,happy
5891,happy
5904,happy
5919,happy
594,happy
5942,angry
5954,happy
5968,surprise
5977,happy
5988,happy
6029,happy
6045,happy
6052,happy
6095,happy
6110,happy
6123,happy
613,happy
6136,sad
6169,happy
6175,happy
6183,happy
62,happy
620,happy
6206,sad
6217,happy
6246,happy
6272,happy
628,fear
629,happy
6368,happy
6378,happy
639,sad
6394,happy
6403,happy
6416,happy
6444,happy
6457,happy
6473,happy
6500,happy
6522,happy
6532,sad
655,happy
657,happy
6577,happy
659,sad
6603,surprise
6616,angry
6677,surprise
6686,happy
6689,happy
6691,happy
6700,happy
6703,neutral
674,sad
6744,neutral
6759,happy
6776,happy
6784,happy
6792,fear
681,sad
6811,happy
6818,happy
6865,happy
690,happy
6914,happy
6928,surprise
693,neutral
6935,happy
6977,happy
6989,happy
7017,neutral
7020,happy
7026,happy
7029,sad
7065,happy
7080,happy
7100,neutral
7116,happy
7159,happy
7162,happy
7191,happy
7200,happy
721,happy
7244,happy
7245,happy
7292,sad
7299,happy
7333,happy
7335,happy
7366,fear
7379,neutral
738,sad
7392,happy
7413,happy
7425,angry
7441,happy
7511,sad
7531,happy
7532,happy
7537,fear
7548,happy
7561,happy
7590,happy
7603,happy
7659,happy
7664,happy
7672,happy
7674,happy
7680,happy
7700,happy
7702,happy
7712,happy
7713,happy
7737,happy
774,surprise
7753,happy
7762,happy
7804,happy
7813,happy
7815,happy
7827,happy
7845,happy
7881,happy
7892,happy
7905,happy
7916,fear
7948,happy
7975,happy
7986,happy
8,happy
80,happy
8020,happy
8027,neutral
8034,happy
8049,happy
8065,happy
8082,happy
8086,happy
8089,happy
817,happy
8188,happy
8228,happy
8268,happy
8276,happy
8284,happy
8293,happy
8301,happy
8303,happy
8316,happy
8322,happy
8331,happy
8334,happy
8338,happy
8355,happy
8424,happy
8434,angry
8449,happy
8457,happy
8473,happy
8539,happy
8548,happy
8559,happy
856,happy
8649,sad
8657,surprise
8662,happy
8677,happy
8682,happy
8691,surprise
8704,happy
873,happy
8753,happy
8756,neutral
8762,happy
880,happy
8820,happy
8861,happy
8864,happy
8886,happy
8915,happy
8940,happy
895,neutral
8960,happy
897,happy
898,sad
8993,happy
9005,happy
906,angry
9060,happy
9070,happy
9071,happy
9085,happy
9094,happy
9147,happy
915,neutral
9152,happy
9167,happy
9174,happy
9180,happy
9202,happy
9206,happy
9222,happy
9246,sad
9272,happy
9286,happy
9371,happy
9392,happy
9412,sad
9416,happy
942,happy
9437,sad
9442,happy
9476,happy
9486,happy
951,happy
9538,happy
9542,happy
9570,happy
9571,surprise
9598,sad
9599,surprise
9605,happy
9640,sad
9687,happy
973,happy
9774,happy
9800,happy
9833,happy
9845,happy
9865,happy
9890,happy
9893,happy
9897,sad
9901,sad
9933,fear
9977,happy
9979,happy
9984,neutral
10033,neutral
10048,happy
10068,neutral
10117,fear
10118,neutral
10134,neutral
10150,happy
10247,neutral
10266,neutral
10346,angry
10406,neutral
1045,neutral
10512,neutral
10518,neutral
10533,neutral
10535,angry
10549,fear
10624,angry
10634,fear
10653,neutral
10676,neutral
10693,neutral
10715,angry
10741,neutral
10774,neutral
10787,happy
10902,neutral
10906,sad
10916,neutral
10926,neutral
1093,neutral
1094,neutral
1101,sad
11022,neutral
11032,surprise
11034,neutral
11038,sad
11055,happy
11065,fear
11098,neutral
11108,fear
11130,sad
11168,neutral
11180,happy
112,neutral
11213,neutral
11218,angry
11233,sad
11251,neutral
1126,angry
11269,neutral
11277,sad
11278,neutral
11317,neutral
11358,neutral
11390,fear
11395,happy
1142,neutral
11448,happy
11462,neutral
11491,neutral
11518,neutral
11560,sad
11603,neutral
11654,neutral
11660,sad
11686,neutral
11689,neutral
11725,neutral
11738,angry
11783,neutral
11818,neutral
11823,neutral
11834,neutral
11872,neutral
11875,neutral
11889,neutral
1189,happy
11913,neutral
11928,neutral
11977,neutral
12042,neutral
1206,neutral
12090,happy
12096,sad
12100,sad
12106,neutral
12116,sad
12117,neutral
12162,angry
12173,neutral
1220,sad
12202,neutral
12215,sad
1222,neutral
1227,neutral
12272,neutral
12289,surprise
12319,neutral
12361,neutral
12363,neutral
12366,fear
12407,neutral
12423,neutral
1248,sad
12500,sad
12508,neutral
12519,sad
12569,angry
12647,surprise
12801,neutral
12852,neutral
12869,neutral
12879,neutral
12885,happy
12933,sad
12976,sad
1300,neutral
13047,neutral
1313,neutral
13161,sad
13164,neutral
13188,happy
13212,angry
13237,surprise
13242,neutral
1328,sad
13337,neutral
1336,angry
1339,neutral
13409,neutral
13411,neutral
13424,neutral
13430,neutral
13433,sad
13441,neutral
13467,fear
13498,neutral
135,neutral
13531,neutral
13586,angry
13603,sad
13619,sad
13633,sad
13644,neutral
13653,sad
13670,sad
13692,neutral
13695,neutral
13800,neutral
13808,neutral
13825,surprise
13834,neutral
13843,angry
13897,neutral
13909,sad
14047,sad
1407,neutral
1411,neutral
14113,sad
14135,sad
14154,neutral
14170,happy
14174,neutral
14175,angry
14187,neutral
14190,neutral
14224,happy
14342,neutral
14352,neutral
14362,angry
14406,neutral
14436,neutral
14481,neutral
14487,neutral
14495,surprise
14496,neutral
14513,neutral
14542,neutral
14550,sad
14564,sad
14641,neutral
14645,happy
14671,neutral
14703,neutral
14717,neutral
14741,neutral
14859,neutral
14867,fear
14929,neutral
1493,neutral
14957,neutral
14980,neutral
15007,neutral
15013,neutral
15044,neutral
15070,neutral
15102,neutral
15106,neutral
15120,neutral
15121,sad
15132,neutral
15168,neutral
15193,neutral
15207,neutral
15210,neutral
15220,neutral
15248,neutral
15293,neutral
15333,sad
15334,sad
15350,neutral
15366,neutral
15387,neutral
15405,fear
15441,neutral
15445,neutral
15459,angry
15529,sad
15536,fear
15568,sad
15570,sad
15611,neutral
15634,surprise
15638,neutral
15651,fear
15686,neutral
15713,neutral
15716,sad
15717,angry
1572,neutral
15721,neutral
15824,sad
15847,neutral
15890,happy
15904,sad
15932,sad
15963,happy
16019,neutral
16094,sad
16101,neutral
16143,happy
16196,sad
16257,sad
16324,neutral
16329,neutral
16350,angry
16363,neutral
16389,fear
16419,neutral
16463,sad
16464,neutral
16476,neutral
16478,sad
16508,neutral
1656,neutral
16569,sad
16570,sad
16575,happy
16685,neutral
1669,sad
16696,sad
16714,fear
1675,neutral
16817,neutral
16823,neutral
1683,neutral
16845,neutral
1685,sad
16860,neutral
1688,neutral
16890,neutral
16964,happy
16969,fear
16989,angry
17015,neutral
17018,neutral
17028,neutral
17131,neutral
1716,happy
17163,neutral
17212,neutral
17231,neutral
17251,neutral
17267,neutral
17273,neutral
17276,neutral
17295,neutral
17318,neutral
17345,sad
17359,neutral
1737,neutral
1738,fear
17417,neutral
17424,surprise
17538,fear
17555,neutral
17563,neutral
17582,neutral
1759,angry
17598,neutral
17695,neutral
17702,neutral
17790,neutral
17815,neutral
17837,neutral
1785,sad
17886,neutral
17973,neutral
17980,sad
18035,neutral
18130,angry
18168,angry
18181,neutral
1819,neutral
18208,sad
18223,happy
18281,neutral
18288,neutral
1830,fear
18301,happy
18312,neutral
18321,neutral
18339,neutral
1835,neutral
18388,neutral
18389,happy
18431,neutral
18469,sad
18497,neutral
18545,neutral
18554,neutral
18658,neutral
18687,neutral
18703,neutral
18708,neutral
18725,happy
1874,happy
18778,neutral
18791,neutral
18803,neutral
18825,neutral
18909,neutral
1892,neutral
18926,sad
1897,neutral
18973,happy
18986,neutral
19009,neutral
19131,neutral
19181,neutral
19204,neutral
19214,neutral
19234,neutral
19259,angry
19329,angry
19340,neutral
19373,neutral
19390,sad
19411,neutral
19435,sad
19495,fear
19533,neutral
19549,happy
19571,neutral
19581,neutral
19590,neutral
19591,neutral
19609,neutral
19615,sad
19643,happy
1972,neutral
19793,neutral
19797,neutral
19829,sad
19855,sad
19863,fear
1988,angry
19953,sad
19983,sad
19993,happy
20008,neutral
20019,neutral
20028,neutral
20036,neutral
201,neutral
20150,neutral
20157,neutral
2019,happy
20223,angry
20257,sad
20272,sad
20274,neutral
20289,sad
20360,neutral
20372,sad
20416,neutral
20432,neutral
2044,neutral
20514,sad
20517,neutral
2053,angry
20549,neutral
20588,sad
20603,surprise
20621,neutral
20665,neutral
20670,neutral
2068,neutral
20680,neutral
20737,sad
20814,neutral
20833,sad
20856,neutral
20875,neutral
20892,neutral
20893,fear
20933,sad
20948,neutral
21025,sad
21030,sad
21092,neutral
21104,neutral
21150,sad
21166,neutral
21167,sad
21199,sad
21210,neutral
21265,fear
21311,neutral
21314,neutral
2133,neutral
21337,neutral
21351,neutral
21377,sad
21386,neutral
21393,sad
21404,happy
21451,neutral
21455,happy
21470,neutral
21475,sad
2149,neutral
21557,neutral
2156,sad
21589,neutral
21638,happy
21658,neutral
21663,neutral
21695,neutral
217,neutral
2172,neutral
21730,angry
21752,sad
21794,neutral
21812,sad
21817,sad
21822,neutral
21852,surprise
21862,neutral
21880,happy
21962,neutral
21971,neutral
22023,sad
22028,neutral
2207,neutral
22088,neutral
22091,happy
22095,sad
22123,neutral
2216,neutral
2223,neutral
22267,neutral
2227,neutral
22292,neutral
22325,neutral
22336,neutral
22354,sad
22357,neutral
22403,neutral
22410,neutral
22442,neutral
22457,neutral
22482,neutral
22508,neutral
22517,neutral
22571,angry
22576,neutral
22587,neutral
22617,neutral
22627,neutral
22655,neutral
22688,neutral
22691,fear
22720,neutral
2273,fear
22774,neutral
22787,neutral
2279,neutral
22820,neutral
22867,neutral
22886,neutral
22916,surprise
22924,neutral
22974,sad
22987,sad
22992,neutral
23012,sad
2303,sad
23039,neutral
23057,neutral
23103,neutral
23119,neutral
23167,angry
23172,neutral
23186,neutral
23204,neutral
23216,happy
23224,happy
23244,neutral
23272,fear
23291,neutral
23343,neutral
23348,neutral
23396,neutral
23457,neutral
23470,neutral
23487,neutral
23565,sad
23609,neutral
23623,sad
23634,neutral
23666,neutral
23691,neutral
23722,neutral
23725,neutral
23741,sad
23794,neutral
23858,neutral
23869,neutral
23929,sad
24003,fear
24051,neutral
24065,neutral
24101,neutral
24104,neutral
24105,neutral
24156,neutral
24175,angry
24182,happy
24187,neutral
24232,happy
2427,fear
24347,neutral
24358,neutral
2443,happy
24443,neutral
24531,happy
24573,neutral
24575,happy
2458,happy
24725,neutral
24768,neutral
24774,angry
24779,neutral
24785,sad
24798,happy
24815,angry
24820,neutral
24877,neutral
24912,neutral
24931,angry
24962,neutral
24964,sad
25007,happy
25018,sad
25021,neutral
25078,neutral
25089,neutral
25099,neutral
2510,neutral
25151,neutral
25295,neutral
25318,neutral
2535,sad
25372,happy
25391,neutral
25401,neutral
25409,fear
25451,neutral
25497,sad
25507,neutral
25520,neutral
25537,neutral
25573,neutral
25593,neutral
25615,neutral
25627,happy
25635,neutral
2564,sad
25668,happy
25678,neutral
25682,neutral
25685,neutral
25695,neutral
25701,sad
25723,neutral
25743,neutral
25773,neutral
25797,neutral
25800,neutral
25810,neutral
25818,fear
25841,sad
2588,happy
25895,neutral
25915,neutral
25919,sad
25969,neutral
25978,neutral
25979,neutral
25994,neutral
26016,happy
26023,happy
26041,angry
26049,neutral
26056,happy
26067,neutral
26069,neutral
26081,fear
2613,neutral
26134,sad
26161,neutral
26187,sad
26190,sad
26192,sad
26200,neutral
26209,neutral
26223,neutral
26227,neutral
26237,neutral
26318,neutral
26364,sad
26411,happy
26453,neutral
26464,neutral
26495,neutral
26539,sad
26647,neutral
26654,sad
26682,neutral
26715,neutral
26767,sad
2677,neutral
26771,sad
26833,sad
26839,sad
26851,angry
26892,happy
26901,neutral
26961,neutral
2699,sad
2710,neutral
27115,surprise
27190,happy
27218,sad
27229,happy
2727,happy
27299,neutral
273,angry
27306,neutral
27329,neutral
27405,neutral
27465,neutral
2747,neutral
2750,neutral
2753,neutral
27533,neutral
27594,neutral
27597,angry
2761,neutral
27642,neutral
27646,neutral
27650,happy
27683,fear
27692,neutral
27752,sad
27767,sad
27864,neutral
2792,angry
27985,neutral
27995,happy
28005,neutral
28007,happy
28014,happy
28025,neutral
28084,fear
28153,surprise
28235,neutral
28251,neutral
28269,happy
28278,happy
2829,neutral
28298,fear
28359,sad
28471,neutral
28478,neutral
28480,neutral
28493,neutral
28499,sad
28507,neutral
28517,neutral
28531,neutral
28535,neutral
28539,neutral
28546,sad
28549,neutral
28642,neutral
28681,neutral
2871,sad
28723,neutral
28769,neutral
28782,happy
28836,sad
28842,neutral
28846,happy
28854,neutral
28951,neutral
29009,sad
2901,neutral
29099,fear
29129,sad
2914,neutral
29216,neutral
29246,neutral
29256,sad
29311,neutral
29324,neutral
29388,neutral
29403,sad
29428,neutral
29438,neutral
29484,surprise
29500,happy
29505,neutral
29525,neutral
2953,angry
29556,neutral
29559,angry
2957,neutral
29608,sad
29609,sad
2962,neutral
29637,neutral
29664,sad
29694,sad
29758,angry
2978,neutral
29794,neutral
2984,neutral
29840,neutral
29848,sad
29893,neutral
29916,neutral
29921,sad
29944,neutral
2995,sad
2998,fear
30053,neutral
30121,neutral
30167,happy
30197,angry
30220,sad
30345,neutral
30346,neutral
30371,sad
30374,neutral
30422,neutral
3050,sad
3051,neutral
30530,sad
30543,neutral
30546,neutral
30581,neutral
30713,sad
30786,fear
30850,neutral
30976,angry
31057,neutral
31123,neutral
31132,fear
31139,neutral
3115,neutral
31164,neutral
31189,neutral
3123,neutral
31240,neutral
31257,neutral
31263,neutral
31307,angry
31332,sad
31347,sad
31371,neutral
31373,neutral
31478,neutral
31483,angry
31486,sad
31546,sad
31561,neutral
31591,neutral
31713,neutral
3174,neutral
31774,neutral
31820,happy
31869,sad
3191,neutral
31949,neutral
31997,neutral
3204,neutral
32071,neutral
32081,neutral
3221,neutral
32216,sad
32321,happy
32330,neutral
32355,neutral
32360,neutral
32371,neutral
32391,neutral
32443,neutral
32445,neutral
32467,neutral
3247,sad
32479,neutral
32508,neutral
32516,neutral
32547,neutral
32587,neutral
32605,neutral
32636,fear
32671,happy
32683,sad
32730,neutral
3276,neutral
32778,neutral
32782,neutral
32792,neutral
32817,neutral
32855,angry
32870,neutral
32905,sad
32914,neutral
32935,happy
32939,neutral
32965,sad
32972,surprise
32978,sad
33005,angry
33013,fear
33022,neutral
33031,happy
33049,neutral
33052,neutral
33100,neutral
33124,sad
33159,neutral
33182,happy
33219,fear
33243,happy
33255,neutral
33317,neutral
33346,neutral
33381,neutral
33399,sad
33452,neutral
33468,neutral
33471,neutral
33514,sad
33526,neutral
33609,sad
33642,neutral
33699,neutral
33710,happy
3375,neutral
33785,neutral
33794,neutral
33813,happy
33819,neutral
33856,neutral
33858,neutral
33863,neutral
33865,neutral
33870,happy
33880,neutral
33894,neutral
3395,fear
33965,neutral
33999,happy
34037,neutral
3404,neutral
34059,sad
34088,fear
34093,neutral
34131,sad
34161,neutral
34269,happy
34272,neutral
34279,angry
34308,happy
34324,neutral
34335,neutral
34513,sad
34526,neutral
34530,happy
34539,neutral
34555,sad
34598,sad
34612,neutral
34673,neutral
34685,neutral
34854,neutral
34870,neutral
34875,neutral
34920,sad
34979,neutral
3502,fear
35034,neutral
35075,neutral
35108,neutral
35129,neutral
35183,angry
35216,neutral
35229,neutral
35241,neutral
35255,neutral
35267,angry
35332,neutral
3535,angry
35356,happy
3537,neutral
35400,neutral
35408,neutral
35484,neutral
35546,neutral
35576,neutral
35628,neutral
35657,neutral
3566,neutral
35704,sad
3575,neutral
35754,neutral
35755,neutral
35764,happy
35775,neutral
35802,angry
35852,neutral
3600,sad
3610,sad
3700,neutral
3729,sad
3792,neutral
3795,angry
3899,sad
3909,neutral
3929,neutral
3932,angry
3953,neutral
3986,neutral
405,neutral
4062,neutral
4124,neutral
4137,sad
4194,sad
4223,neutral
4242,neutral
4314,neutral
4328,neutral
4339,neutral
4372,neutral
4380,neutral
4394,sad
44,neutral
4443,neutral
4449,neutral
449,neutral
4552,neutral
4553,happy
4563,neutral
4573,neutral
4574,angry
4672,sad
4748,sad
4752,sad
4770,neutral
4777,fear
4802,neutral
4825,neutral
4829,neutral
4868,neutral
4870,fear
4883,neutral
4888,fear
4935,happy
4953,neutral
4998,angry
5046,neutral
5053,neutral
5073,neutral
508,surprise
5087,neutral
5110,fear
5116,neutral
5170,neutral
5186,sad
5258,neutral
5267,happy
5323,neutral
5345,neutral
5361,sad
5385,neutral
541,neutral
542,neutral
5444,neutral
5446,sad
5449,neutral
547,neutral
551,neutral
5527,neutral
5536,neutral
5549,neutral
5561,neutral
5591,neutral
5651,neutral
5687,neutral
5695,neutral
5708,neutral
5713,happy
5715,neutral
5724,neutral
5748,angry
5749,neutral
5784,neutral
5792,neutral
5811,neutral
5831,sad
584,happy
5853,disgust
5865,neutral
5912,neutral
5931,sad
5953,sad
596,neutral
5976,sad
5984,neutral
60,neutral
601,neutral
6078,neutral
6103,neutral
615,sad
6158,neutral
6180,neutral
6193,sad
6236,neutral
6343,neutral
6351,neutral
6388,neutral
6397,sad
6412,sad
644,neutral
649,neutral
6502,neutral
651,neutral
6527,neutral
6599,neutral
662,neutral
6664,neutral
6710,sad
673,sad
6813,neutral
6836,sad
6842,neutral
6869,neutral
6891,neutral
6934,sad
7008,sad
7009,neutral
7077,neutral
7092,angry
7110,neutral
7131,neutral
7198,neutral
7220,neutral
7239,neutral
7254,neutral
7273,angry
7274,neutral
7348,angry
7361,sad
7376,neutral
7398,sad
7462,sad
7466,neutral
7490,sad
7551,neutral
7571,neutral
7588,angry
7599,angry
7630,neutral
766,sad
767,neutral
7717,neutral
7755,sad
7765,sad
7772,neutral
7773,neutral
7788,fear
7823,sad
7831,neutral
7871,happy
7903,happy
7932,neutral
7953,sad
8003,happy
8054,neutral
8076,neutral
8083,neutral
8105,neutral
8141,neutral
8179,happy
8211,neutral
8216,sad
8233,neutral
8247,neutral
8262,neutral
8264,sad
8280,neutral
8295,neutral
8347,neutral
8352,sad
8373,neutral
838,neutral
8389,neutral
8392,sad
841,neutral
8410,happy
8471,sad
8483,neutral
8498,neutral
8516,neutral
8536,neutral
855,neutral
8599,neutral
8687,neutral
8694,sad
8724,neutral
8763,neutral
8768,happy
8782,sad
8788,angry
8802,neutral
8842,neutral
8862,fear
8863,fear
8868,neutral
8880,happy
891,sad
8919,neutral
8946,angry
8976,neutral
8980,neutral
9011,neutral
9016,neutral
9046,neutral
9050,neutral
9069,happy
9099,sad
9128,neutral
913,sad
9149,neutral
917,happy
9170,neutral
9209,sad
9221,sad
9235,neutral
9252,neutral
9273,happy
9276,neutral
9288,neutral
9292,neutral
9324,neutral
9335,neutral
9355,neutral
9356,neutral
9360,neutral
9381,neutral
9415,neutral
9420,neutral
9434,neutral
9453,neutral
9473,happy
9477,neutral
9507,neutral
9543,neutral
9611,sad
9701,neutral
9712,neutral
9718,sad
9773,neutral
9803,neutral
9838,sad
9867,neutral
9874,neutral
9936,angry
9975,happy
9982,happy
9993,neutral
10004,angry
1003,sad
10031,sad
10073,neutral
10114,neutral
10116,sad
10171,neutral
10172,sad
10176,sad
1022,sad
10252,sad
1026,sad
10339,sad
10352,sad
10375,happy
10383,sad
10386,sad
10423,angry
10425,angry
10455,neutral
10561,sad
10607,happy
10620,sad
10655,neutral
10686,neutral
10694,surprise
10713,neutral
10769,happy
1078,sad
10871,neutral
10881,happy
10919,fear
11025,sad
11026,sad
11031,sad
11100,neutral
11138,sad
11140,sad
11163,fear
11192,sad
11209,sad
11234,sad
11241,sad
11264,happy
11280,sad
11284,sad
11295,surprise
11316,neutral
11346,sad
11398,sad
1148,sad
115,sad
11523,sad
1156,neutral
11581,sad
11582,sad
11601,sad
11626,fear
11640,happy
11662,happy
11722,sad
1173,happy
11746,sad
11790,sad
11794,neutral
11836,sad
11867,neutral
11876,sad
11880,neutral
11891,sad
11909,angry
11966,sad
11978,sad
1198,sad
12040,sad
12074,sad
12092,angry
12113,fear
12119,sad
12190,sad
12246,neutral
12267,sad
12318,sad
12364,fear
12498,fear
12512,neutral
12524,sad
12547,angry
12591,sad
12594,fear
12621,sad
1264,neutral
12648,sad
12659,neutral
12661,sad
12702,sad
12758,neutral
12791,sad
12818,sad
12827,angry
12899,sad
12958,neutral
1298,neutral
13000,sad
13027,sad
13051,neutral
13091,sad
13150,sad
13162,sad
13180,sad
13187,sad
13293,surprise
13296,sad
13339,sad
13380,sad
13421,neutral
13483,sad
13488,sad
13505,neutral
13510,sad
1353,sad
13562,sad
13575,sad
13598,angry
13631,neutral
1364,happy
13666,sad
13714,sad
13726,sad
13793,sad
13801,angry
13812,sad
13852,sad
13870,sad
13888,sad
13907,sad
13940,fear
13979,happy
13983,neutral
14048,sad
14070,neutral
14106,neutral
14122,surprise
14127,neutral
14136,sad
1420,fear
14208,fear
14226,sad
14250,sad
14346,angry
14384,sad
14388,neutral
14459,fear
14464,fear
14472,sad
14474,sad
14484,sad
14494,neutral
14505,sad
14522,sad
14524,sad
14561,sad
14572,sad
14574,sad
14578,sad
14682,neutral
14696,sad
14729,sad
1482,neutral
14835,sad
14836,angry
15052,happy
15078,sad
15090,sad
15129,sad
15145,sad
15167,fear
15169,happy
15192,neutral
15208,sad
15289,neutral
15294,sad
1536,happy
15365,sad
15373,angry
15436,sad
15447,neutral
15462,sad
15468,neutral
15484,sad
1549,neutral
15534,neutral
15535,sad
15565,sad
15580,neutral
15592,happy
1560,sad
15613,sad
15642,fear
15657,sad
15696,neutral
15697,sad
15795,neutral
15867,sad
15909,sad
15929,sad
16003,neutral
16010,angry
16053,happy
16056,happy
16075,sad
16087,neutral
16125,sad
16151,happy
16208,sad
16304,sad
16338,sad
16387,angry
16388,neutral
16405,fear
16443,sad
1645,neutral
16475,sad
16535,neutral
16558,happy
16645,fear
16706,sad
16710,sad
16776,angry
1678,sad
16787,neutral
16798,sad
16821,sad
16837,sad
16839,disgust
16863,neutral
16895,sad
16938,sad
16962,fear
16985,neutral
17003,sad
17011,neutral
17100,neutral
17128,sad
172,sad
17206,angry
17215,fear
17237,neutral
17248,happy
17257,sad
17275,angry
17279,sad
17293,sad
17297,fear
17331,neutral
17341,neutral
17363,sad
17426,sad
17432,neutral
1751,sad
17518,sad
17597,angry
17607,sad
17625,fear
17662,angry
17666,fear
17678,happy
17713,sad
17717,angry
1772,neutral
17730,angry
17746,sad
17763,neutral
17767,sad
17775,fear
1778,angry
17784,sad
17794,neutral
17887,sad
17912,sad
18047,neutral
18067,sad
18101,neutral
18120,sad
18180,sad
18193,neutral
18260,sad
18270,fear
18300,sad
18345,sad
18349,neutral
18361,neutral
18367,neutral
18381,sad
18457,sad
18475,sad
1854,neutral
18550,sad
18573,angry
18610,sad
18732,sad
18734,neutral
18842,neutral
18855,fear
18872,sad
18888,sad
18897,sad
1891,neutral
18914,neutral
18927,sad
1896,neutral
18962,disgust
19029,sad
19049,neutral
19082,fear
19084,neutral
19095,sad
19145,neutral
19165,happy
19179,neutral
1926,sad
19274,neutral
19285,sad
19303,sad
1931,fear
19364,neutral
1937,fear
19384,sad
19422,sad
19461,sad
19470,neutral
19486,sad
19531,sad
19535,sad
19578,neutral
19607,sad
19663,fear
19674,fear
1973,sad
19731,fear
19785,sad
19799,sad
19861,angry
19864,neutral
19880,sad
19893,sad
19934,neutral
19969,neutral
19973,sad
19975,fear
20,neutral
20072,sad
20073,sad
20104,sad
20171,sad
20192,sad
20193,angry
20217,happy
20301,sad
20313,fear
2039,sad
20395,neutral
20400,fear
20468,fear
20469,sad
20511,neutral
20560,sad
20563,sad
20589,sad
20650,sad
20656,sad
20667,fear
20750,sad
2084,angry
20908,neutral
2091,fear
20964,sad
20979,sad
21005,sad
21029,fear
21036,sad
21078,fear
21082,happy
21201,neutral
21221,fear
21249,sad
21275,sad
21282,neutral
21312,neutral
21324,sad
21428,happy
21434,fear
21531,sad
21535,sad
21549,neutral
2157,neutral
21632,neutral
21666,neutral
21681,sad
21715,angry
21720,sad
2176,sad
21766,sad
21769,fear
21968,fear
21978,sad
21988,sad
22004,fear
22032,happy
22051,neutral
22067,sad
22117,sad
22241,angry
22255,sad
22271,sad
22319,sad
22335,sad
2238,sad
2239,sad
22390,sad
22416,sad
22419,sad
22448,angry
22449,fear
22452,sad
22521,happy
2256,sad
22602,fear
22619,sad
22631,sad
22651,sad
22690,neutral
22704,neutral
22761,sad
22765,happy
22766,angry
2278,angry
22808,angry
22816,neutral
22937,neutral
22961,sad
22977,neutral
22989,sad
23054,happy
23060,sad
231,sad
2312,sad
23220,fear
23297,sad
23304,sad
23341,sad
23374,sad
23407,angry
23430,happy
23452,sad
23471,angry
23483,neutral
23507,angry
23542,sad
23549,sad
23562,fear
23584,happy
23601,sad
23654,sad
23658,sad
2367,neutral
23675,sad
23700,angry
23715,sad
23748,sad
23760,sad
23764,neutral
23779,sad
23781,sad
23792,neutral
23817,fear
23829,sad
23832,neutral
23853,sad
23884,angry
23901,sad
23905,sad
23915,neutral
23945,sad
23948,sad
23965,sad
23968,sad
23978,sad
23991,sad
24013,sad
24057,sad
24066,sad
24087,sad
2412,sad
24133,sad
24160,fear
24168,sad
24173,sad
2418,sad
24183,sad
24217,fear
24239,fear
24247,sad
2431,sad
24329,neutral
24363,sad
24384,neutral
24420,sad
24421,happy
24460,angry
24473,sad
2451,sad
24543,fear
24545,sad
24582,sad
24643,sad
24664,sad
24736,sad
2476,sad
2478,sad
2485,sad
24881,sad
24909,angry
24916,sad
2496,neutral
2499,neutral
2502,neutral
25025,sad
25055,neutral
25087,fear
25117,fear
25126,neutral
25211,surprise
25231,fear
25240,fear
25250,happy
25281,sad
2530,neutral
2533,sad
25330,sad
25348,sad
25351,sad
25356,fear
25379,fear
25381,sad
2539,happy
25410,sad
25412,angry
25425,sad
2546,fear
25510,sad
25529,sad
25576,fear
25582,sad
25597,neutral
25632,neutral
25643,sad
2565,neutral
25819,sad
25832,sad
25843,sad
25920,sad
25961,fear
25983,fear
25985,sad
26005,sad
26006,happy
26040,sad
26079,sad
2615,neutral
26198,sad
26249,neutral
26269,sad
26270,sad
26292,sad
26304,neutral
26313,sad
26321,sad
2633,neutral
26339,neutral
26346,happy
2635,sad
26355,sad
26368,sad
26378,sad
26398,sad
26404,sad
26443,happy
26484,sad
26501,sad
26543,happy
26566,angry
26573,sad
26581,sad
26586,sad
26600,neutral
26612,neutral
26670,neutral
26675,sad
26683,sad
26702,sad
26747,neutral
26772,sad
26834,sad
2690,happy
26959,sad
26970,sad
27005,angry
27027,angry
27035,fear
27052,sad
27117,neutral
27124,neutral
27258,sad
27292,sad
27305,sad
27350,sad
27400,sad
27410,sad
27450,neutral
27461,sad
27471,neutral
2748,sad
2751,sad
27518,sad
27522,fear
27561,sad
27562,sad
27576,sad
27585,angry
27588,sad
27629,fear
27681,sad
27694,neutral
27719,neutral
27759,neutral
27776,sad
27788,neutral
27810,neutral
2785,angry
27873,sad
2788,sad
27887,neutral
27913,sad
27948,fear
27993,sad
28053,neutral
28073,angry
28091,sad
28100,angry
28137,sad
28143,sad
28171,sad
28230,neutral
28252,neutral
28272,sad
28294,sad
28296,sad
28396,neutral
28424,sad
28426,angry
28465,sad
28552,sad
28555,sad
28568,sad
28596,neutral
28696,sad
28700,sad
28794,sad
28895,neutral
28966,sad
2902,sad
29058,sad
29082,sad
29112,happy
29121,sad
29150,angry
29194,sad
29226,sad
29243,angry
29295,sad
29298,sad
29305,sad
29318,sad
29322,sad
2934,sad
29379,sad
29383,neutral
2945,neutral
2950,sad
29529,sad
29553,sad
29561,sad
29580,happy
29585,sad
29617,sad
29622,disgust
29627,sad
29628,fear
29632,sad
29652,sad
29692,neutral
29703,sad
29756,sad
29757,sad
29792,sad
29819,fear
29835,sad
29875,neutral
29897,neutral
29936,sad
29937,sad
29941,neutral
29970,neutral
29973,neutral
29998,angry
30001,sad
30035,sad
30045,neutral
30056,sad
3007,neutral
30080,sad
30094,sad
30104,sad
30118,fear
3012,sad
30144,neutral
30170,neutral
30181,sad
30219,sad
30251,fear
30274,happy
30289,sad
30292,sad
30326,sad
30331,neutral
30358,sad
30377,sad
30410,neutral
30439,neutral
30440,neutral
30462,sad
30541,neutral
30552,sad
3056,angry
30565,fear
3059,fear
30611,sad
3075,sad
30763,sad
30789,neutral
30817,sad
30818,sad
30853,neutral
30867,sad
3088,sad
3094,sad
31009,neutral
31068,angry
31072,angry
31099,angry
31104,neutral
31113,happy
31149,neutral
3118,sad
312,sad
31248,sad
31265,sad
31328,sad
31367,neutral
3139,angry
31390,happy
31409,sad
31424,happy
31506,neutral
31510,neutral
31527,sad
31534,fear
31634,sad
31643,sad
31653,sad
31663,sad
31665,happy
31669,surprise
3169,sad
31712,neutral
31720,sad
31836,sad
31857,happy
3187,sad
32005,sad
32029,angry
3206,happy
32139,sad
32175,angry
32183,neutral
32189,sad
32202,sad
32268,sad
32296,angry
32297,neutral
3235,sad
32383,neutral
32394,sad
32422,fear
32565,sad
32580,fear
32582,sad
32613,sad
3263,sad
32711,sad
32744,sad
32768,neutral
32814,sad
32818,angry
32836,sad
32843,sad
32859,happy
32861,sad
32898,sad
32903,angry
32911,neutral
32932,sad
32982,sad
33089,neutral
33152,sad
33213,neutral
33227,sad
33247,sad
33276,fear
33295,sad
33302,sad
33331,sad
33371,neutral
33373,neutral
33421,neutral
33492,sad
33516,sad
33523,sad
33538,fear
33628,sad
33636,angry
33640,sad
33686,sad
33691,neutral
33693,sad
33736,happy
33747,happy
3378,sad
33780,sad
33786,neutral
3382,sad
33820,fear
33936,neutral
33962,sad
33988,sad
3403,sad
34070,sad
34121,sad
34176,sad
34195,sad
34205,neutral
34242,sad
34250,sad
3433,angry
34387,neutral
34408,sad
34413,sad
34427,angry
34477,sad
34509,neutral
34533,sad
34605,sad
34610,neutral
34629,angry
34633,sad
34679,neutral
34694,angry
3477,sad
34788,sad
34798,fear
34799,sad
34820,neutral
34827,neutral
34905,sad
34913,sad
34917,sad
3492,fear
34945,fear
34985,neutral
34988,sad
34991,sad
350,sad
35030,neutral
35039,neutral
35043,sad
35058,happy
3506,sad
3508,sad
35116,sad
35131,sad
35148,fear
3518,sad
35192,sad
35214,happy
35297,neutral
35318,sad
35375,sad
35386,sad
35411,neutral
3546,neutral
35528,neutral
35567,sad
35605,fear
35615,fear
35639,angry
35691,sad
35737,fear
35768,sad
35812,neutral
35873,fear
359,sad
3634,sad
3653,sad
3661,neutral
3731,angry
3767,sad
3825,sad
3855,sad
3869,fear
3922,sad
3951,sad
3972,sad
3988,fear
4130,sad
4207,happy
422,sad
4233,neutral
4274,neutral
4381,sad
4389,neutral
4412,neutral
4415,fear
4441,angry
4482,sad
4534,sad
4572,sad
4594,neutral
4596,sad
4615,sad
4624,fear
4697,sad
4714,sad
4734,fear
4736,sad
4764,sad
4771,sad
4811,sad
4860,sad
4940,sad
4951,angry
4958,happy
4987,neutral
5004,sad
505,sad
5055,fear
5056,sad
5058,neutral
5061,sad
5100,neutral
5101,fear
5107,sad
5147,sad
5166,sad
5177,sad
5224,sad
5229,fear
5374,neutral
5435,sad
5466,angry
5560,neutral
5629,neutral
5642,neutral
5689,happy
5710,angry
580,sad
5836,sad
5910,sad
5995,sad
6025,sad
6033,angry
6109,sad
6137,sad
6149,sad
6187,sad
6215,sad
6265,fear
6304,sad
6312,sad
6353,angry
6400,neutral
6449,happy
6459,sad
6467,sad
6492,sad
6521,angry
6529,disgust
6551,neutral
6557,neutral
6563,sad
6645,sad
6660,sad
6720,neutral
6735,fear
6771,sad
680,sad
6833,sad
6860,sad
688,neutral
6897,sad
6901,neutral
6904,sad
6915,angry
6930,sad
6957,sad
6960,sad
6964,sad
70,sad
7030,happy
7037,sad
7039,sad
7119,fear
7121,sad
7165,sad
7232,sad
7253,sad
7268,neutral
7275,sad
7287,sad
7301,happy
7337,sad
7371,sad
7400,sad
7406,sad
7430,sad
7475,neutral
7502,sad
7536,happy
7566,sad
7569,neutral
761,sad
7618,sad
7623,angry
7675,sad
7679,angry
7724,neutral
7776,fear
7806,sad
7848,sad
7877,sad
7878,neutral
7943,sad
7962,sad
7963,angry
7976,sad
798,sad
800,neutral
8039,sad
8056,sad
8098,angry
8099,neutral
8102,sad
8146,neutral
8164,sad
8197,fear
8203,sad
822,fear
8223,sad
8238,sad
8252,sad
8266,sad
8333,sad
8390,neutral
8430,sad
8525,sad
8580,angry
8614,fear
8639,sad
8659,sad
8702,neutral
8718,sad
8738,sad
8761,sad
8814,neutral
8834,neutral
8851,happy
8876,sad
8892,sad
8925,sad
8953,sad
8955,sad
8958,angry
9006,neutral
9028,neutral
9066,sad
9073,sad
9082,sad
9087,neutral
9119,neutral
9142,sad
9171,neutral
9219,sad
922,happy
9238,happy
9267,neutral
9327,neutral
9338,angry
9387,sad
9405,sad
9454,sad
9457,neutral
9459,neutral
9463,happy
9465,neutral
9498,sad
9508,sad
9548,sad
9689,happy
9693,sad
9713,fear
9769,sad
977,sad
98,neutral
9841,sad
9864,sad
987,sad
9885,sad
9889,neutral
9923,sad
10056,surprise
10097,neutral
10162,surprise
10185,surprise
10246,fear
10259,surprise
10268,happy
10306,surprise
1033,surprise
10365,surprise
10372,surprise
10444,surprise
10545,surprise
10625,fear
10701,surprise
10734,surprise
10755,sad
10768,surprise
10800,surprise
10813,neutral
10820,surprise
10837,surprise
10866,surprise
10909,fear
10931,surprise
10950,surprise
11000,fear
11043,neutral
1107,neutral
11126,angry
11139,surprise
1118,surprise
11302,surprise
11414,surprise
11418,happy
11429,sad
11451,surprise
11466,surprise
11589,happy
11670,surprise
11721,surprise
1176,surprise
11786,surprise
11848,surprise
11865,angry
11902,surprise
12086,fear
12107,surprise
12131,surprise
12134,surprise
12312,surprise
12320,happy
12338,surprise
1239,surprise
12463,surprise
12470,surprise
1249,surprise
12504,fear
12529,surprise
12551,sad
12567,surprise
12626,surprise
12684,happy
12723,surprise
12748,surprise
12768,surprise
12903,surprise
12924,angry
12960,surprise
12973,surprise
13009,neutral
13080,surprise
13101,surprise
13145,surprise
13169,sad
13203,happy
13205,surprise
13230,fear
13288,surprise
13460,surprise
13521,surprise
13622,surprise
13684,surprise
13740,surprise
1376,surprise
13837,surprise
13876,surprise
14080,surprise
14091,fear
14115,surprise
14305,surprise
14331,surprise
14375,surprise
1449,surprise
1457,surprise
14647,surprise
14691,surprise
14697,surprise
14798,surprise
14914,surprise
14927,happy
14968,surprise
15008,surprise
15034,surprise
15037,surprise
15047,surprise
15101,surprise
1515,neutral
15179,surprise
15238,surprise
15244,fear
15263,neutral
15354,surprise
15378,neutral
15383,surprise
15416,surprise
15454,surprise
15467,surprise
15486,surprise
15487,surprise
15518,happy
15524,surprise
15527,surprise
15533,surprise
15628,surprise
15635,surprise
15788,sad
15802,happy
1583,happy
15922,surprise
15944,fear
16110,surprise
16133,surprise
16172,surprise
16229,surprise
16237,surprise
16280,surprise
16396,surprise
16415,sad
16441,surprise
16507,fear
16530,surprise
16646,fear
16666,surprise
16721,fear
16756,sad
16774,sad
16829,surprise
16886,surprise
16901,neutral
16947,surprise
16959,surprise
16980,surprise
16995,surprise
17016,surprise
17019,neutral
17027,surprise
17044,neutral
1710,angry
17137,surprise
17148,surprise
17157,angry
17161,happy
17177,surprise
17205,surprise
17245,neutral
17290,surprise
17309,surprise
1735,surprise
17350,fear
17422,fear
17429,sad
17433,fear
1750,fear
176,surprise
17610,surprise
1764,surprise
17693,surprise
17845,surprise
17906,fear
17919,surprise
17952,neutral
1800,surprise
18026,fear
18038,surprise
18132,surprise
18198,surprise
18285,fear
18313,surprise
18393,surprise
18436,neutral
18521,sad
18555,surprise
18577,fear
18613,fear
18615,neutral
18619,surprise
18631,surprise
1864,neutral
18678,fear
18706,surprise
18742,surprise
18862,surprise
18864,surprise
19051,surprise
1911,surprise
1914,surprise
19142,happy
19177,fear
19187,surprise
19267,surprise
19314,surprise
19362,surprise
19389,surprise
19431,surprise
1945,surprise
1952,surprise
19594,surprise
19601,surprise
19650,surprise
19665,surprise
19720,happy
19755,surprise
19795,surprise
1992,surprise
19972,surprise
20041,surprise
20146,surprise
20148,surprise
20162,surprise
20167,surprise
20262,surprise
20293,surprise
20369,surprise
20373,surprise
20387,surprise
20407,surprise
20467,surprise
20573,angry
20584,surprise
20594,happy
20664,sad
20691,surprise
20786,surprise
20855,surprise
20882,surprise
2090,surprise
20935,surprise
20947,happy
20967,surprise
20989,fear
21044,surprise
21072,surprise
21074,surprise
2114,fear
21148,surprise
21151,fear
21153,fear
21154,surprise
2119,surprise
21217,surprise
21233,happy
21239,surprise
21299,surprise
21417,surprise
2146,neutral
21461,surprise
21468,surprise
21545,surprise
21570,surprise
21578,surprise
21587,surprise
2168,surprise
2173,surprise
21807,surprise
21824,surprise
21834,surprise
21887,neutral
21896,fear
21906,surprise
2195,surprise
21973,surprise
21987,surprise
2200,surprise
22019,fear
22025,surprise
22128,surprise
22131,surprise
22278,surprise
2228,surprise
22305,surprise
22322,neutral
2234,surprise
22372,surprise
22497,surprise
22509,happy
22525,fear
22666,surprise
22741,sad
22771,surprise
22864,sad
22921,surprise
23053,surprise
23151,surprise
23155,surprise
23328,surprise
23346,happy
23386,fear
23413,happy
23433,neutral
23661,fear
23662,surprise
23739,neutral
23747,surprise
23751,surprise
23885,surprise
23893,neutral
23917,happy
23941,surprise
23943,neutral
23949,surprise
24022,neutral
24031,sad
24046,surprise
24050,surprise
24143,surprise
24163,surprise
24167,surprise
24174,surprise
24179,surprise
24201,neutral
24291,neutral
24404,happy
24411,surprise
24415,surprise
24432,neutral
24433,surprise
2448,surprise
24557,surprise
2461,fear
24646,surprise
24668,surprise
24756,happy
24893,happy
24904,happy
24921,surprise
25010,surprise
25036,surprise
25044,surprise
25107,surprise
25143,surprise
25188,surprise
25229,sad
25234,disgust
25280,surprise
2529,surprise
25319,surprise
25390,surprise
25397,surprise
25402,surprise
25416,surprise
25492,neutral
25539,surprise
25563,surprise
25571,surprise
256,surprise
25610,angry
25636,neutral
25674,surprise
25687,fear
25709,surprise
25742,surprise
25781,surprise
25808,surprise
25906,happy
25959,surprise
26076,surprise
26087,surprise
26101,surprise
26102,surprise
26133,surprise
2619,surprise
26243,surprise
2634,happy
26452,surprise
26455,surprise
26483,surprise
26487,surprise
26500,happy
26556,surprise
26626,happy
26708,surprise
26800,neutral
26825,fear
26907,surprise
26910,surprise
26914,angry
26944,surprise
27025,neutral
27039,surprise
27070,sad
27125,surprise
27165,fear
27174,surprise
27193,surprise
27240,surprise
27270,surprise
27273,surprise
27321,surprise
27325,surprise
27328,surprise
2744,surprise
27566,surprise
27577,surprise
2758,surprise
27586,surprise
2759,sad
276,surprise
27696,surprise
27737,neutral
27756,happy
27774,surprise
27803,surprise
27916,surprise
27919,sad
27926,surprise
27933,surprise
27973,neutral
27979,surprise
2803,angry
28076,surprise
28082,fear
28130,surprise
28182,surprise
28219,happy
28236,neutral
28287,surprise
28328,surprise
28335,happy
28342,fear
2835,fear
2837,surprise
28370,happy
28421,surprise
28441,surprise
28448,surprise
28476,surprise
28482,surprise
28501,surprise
28525,surprise
28639,surprise
28653,surprise
28666,surprise
28667,surprise
28727,surprise
28803,angry
2886,sad
28864,surprise
28901,fear
29038,fear
29110,surprise
29118,surprise
29164,surprise
29205,surprise
29225,surprise
29276,surprise
29283,fear
29354,sad
2949,happy
29515,surprise
29516,neutral
29537,surprise
29540,surprise
29542,fear
29551,surprise
29557,neutral
2956,surprise
29568,surprise
29618,surprise
29619,fear
29677,happy
29690,surprise
29796,surprise
29797,surprise
29803,surprise
29884,happy
29954,surprise
3002,surprise
30173,surprise
30174,fear
30184,surprise
30190,surprise
30336,sad
30537,surprise
30620,surprise
30625,surprise
30628,surprise
30714,surprise
30726,surprise
30811,surprise
3084,happy
30943,surprise
30989,surprise
31005,surprise
31054,surprise
31097,surprise
31102,surprise
31194,fear
31198,surprise
31206,surprise
31223,surprise
31353,surprise
31364,surprise
31533,surprise
31563,fear
3157,surprise
31631,happy
31662,surprise
31775,surprise
31781,surprise
31784,surprise
31799,fear
31814,surprise
31826,surprise
31872,surprise
31882,happy
31899,surprise
31953,surprise
31961,surprise
32069,fear
32132,surprise
32165,fear
32179,surprise
3223,surprise
3224,fear
32243,surprise
32308,happy
32315,surprise
32324,fear
32334,surprise
32365,surprise
32395,surprise
32405,surprise
32420,surprise
32432,surprise
32510,surprise
32530,happy
32630,surprise
32695,sad
32727,neutral
32734,surprise
32753,surprise
32756,surprise
32894,surprise
32968,neutral
32979,surprise
330,surprise
33039,angry
33055,surprise
33072,surprise
33079,surprise
33147,surprise
33180,surprise
33290,surprise
33316,fear
33329,surprise
33364,surprise
33376,surprise
33378,surprise
33405,neutral
33411,surprise
3354,surprise
336,surprise
33667,surprise
33677,fear
33745,surprise
33759,surprise
33789,surprise
33800,sad
33879,surprise
3392,surprise
33993,surprise
33997,surprise
34004,angry
34034,surprise
34039,surprise
34072,surprise
34087,surprise
34134,fear
34162,surprise
34212,neutral
3423,surprise
34237,surprise
34252,neutral
34288,sad
34385,neutral
34400,surprise
34416,happy
34439,surprise
3445,surprise
34546,fear
34557,surprise
34664,surprise
34674,surprise
34722,surprise
34787,surprise
34813,surprise
34844,surprise
34904,surprise
34926,surprise
34984,surprise
34986,surprise
35049,surprise
35063,surprise
35083,surprise
35084,neutral
35118,surprise
35121,neutral
35144,surprise
35154,surprise
35156,neutral
35194,neutral
35201,surprise
35212,surprise
35237,surprise
35276,surprise
35355,sad
35384,fear
35387,surprise
35399,surprise
35511,surprise
35524,surprise
35530,sad
35608,surprise
35644,happy
35684,surprise
35688,surprise
35757,fear
35790,surprise
35823,surprise
35833,surprise
35857,surprise
35872,neutral
3603,fear
3607,surprise
3635,surprise
3675,surprise
3691,surprise
3756,surprise
3765,surprise
3858,surprise
3874,happy
3878,surprise
3925,surprise
4036,surprise
4072,sad
4076,surprise
4080,surprise
4086,surprise
413,surprise
4199,fear
4243,surprise
4289,happy
4347,surprise
435,surprise
4352,sad
438,surprise
4390,neutral
4431,surprise
4486,surprise
4513,surprise
4536,surprise
4570,happy
4621,surprise
4636,surprise
4657,surprise
4685,angry
4698,surprise
4793,neutral
4895,surprise
4912,surprise
5037,fear
5077,angry
51,neutral
5138,surprise
5178,surprise
518,happy
5310,surprise
5375,surprise
5419,fear
5450,surprise
5513,surprise
5530,surprise
5595,surprise
5636,surprise
5664,surprise
5706,fear
5771,surprise
5778,happy
5855,fear
5893,surprise
5938,happy
5943,fear
5997,surprise
6046,surprise
6050,surprise
6167,surprise
6184,neutral
6216,surprise
6219,surprise
6247,surprise
6309,surprise
6360,surprise
6410,fear
6415,surprise
6425,surprise
6427,surprise
647,surprise
6518,surprise
6598,surprise
6647,fear
670,surprise
6711,happy
6716,surprise
675,surprise
6797,surprise
6877,surprise
692,surprise
6966,surprise
7024,angry
7032,surprise
7153,surprise
7203,surprise
7211,surprise
726,neutral
7459,surprise
7512,surprise
7562,surprise
7582,surprise
759,happy
7626,surprise
7761,surprise
7774,angry
78,surprise
783,fear
7865,surprise
7874,surprise
788,surprise
7926,surprise
7957,surprise
8016,surprise
8021,fear
8042,surprise
8063,surprise
8115,surprise
8137,surprise
8143,surprise
8173,surprise
8240,happy
8309,happy
8329,surprise
8404,surprise
8421,surprise
843,fear
8439,fear
8478,happy
8489,surprise
867,sad
8736,surprise
8837,surprise
8928,surprise
8973,surprise
9017,surprise
9021,angry
9118,surprise
9141,surprise
9162,surprise
9309,surprise
9367,surprise
9380,surprise
9450,sad
9467,surprise
947,surprise
9499,happy
9541,surprise
9546,sad
9560,angry
9630,surprise
9644,surprise
9681,surprise
9776,surprise
9786,angry
9806,surprise
9830,happy
9853,surprise
9878,neutral
993,surprise
